Date,HDFC Bank,ICICI Bank,Axis Bank,SBIN,Kotak Bank
2013,334,200,260,177,364
2013,334,199,257,176,366
2013,334,202,259,177,370
2013,328,200,259,175,363
2013,331,200,257,176,364
2013,332,200,258,176,366
2013,326,198,256,175,367
2013,332,193,251,173,361
2013,328,199,257,176,375
2013,341,200,251,172,370
2013,344,200,252,173,375
2013,347,197,248,174,379
2013,347,206,250,178,383
2013,348,211,255,180,384
2013,348,211,253,184,386
2013,341,218,261,189,382
2013,343,208,256,186,379
2013,328,207,248,186,381
2013,327,194,238,182,375
2013,330,197,239,181,379
2013,330,198,238,182,385
2013,326,194,231,182,378
2013,326,189,224,176,376
2013,326,190,224,176,374
2013,329,190,223,179,373
2013,320,195,223,181,373
2013,318,186,216,174,358
2013,324,187,217,176,356
2013,329,191,226,180,366
2013,334,197,227,182,368
2013,320,195,228,177,372
2013,316,191,219,172,363
2013,322,185,206,170,359
2013,326,184,210,167,358
2013,326,189,215,170,356
2013,332,191,224,174,364
2013,334,191,234,175,367
2013,337,196,243,181,366
2013,339,199,245,188,373
2013,341,206,244,189,372
2013,340,206,244,188,374
2013,339,204,245,180,376
2013,342,200,244,172,369
2013,333,195,250,174,367
2013,336,185,238,168,354
2013,334,186,238,172,352
2013,329,186,241,172,354
2013,334,187,242,172,355
2013,335,184,240,168,355
2013,338,184,235,167,358
2013,326,183,231,166,351
2013,326,175,219,162,338
2013,333,177,216,162,341
2013,330,181,222,166,349
2013,320,181,220,165,353
2013,324,172,213,163,353
2013,316,173,216,161,359
2013,316,170,213,161,347
2013,320,167,214,163,343
2013,317,169,219,165,348
2013,305,171,221,166,350
2013,296,166,209,164,343
2013,304,161,202,161,339
2013,310,168,206,164,341
2013,310,172,206,168,352
2013,319,170,207,169,355
2013,320,172,205,165,360
2013,329,172,206,165,360
2013,341,180,220,175,374
2013,325,188,228,181,386
2013,320,177,216,167,357
2013,321,175,211,163,355
2013,314,176,218,165,356
2013,316,171,212,166,358
2013,323,173,204,166,350
2013,318,176,206,169,358
2013,307,176,200,163,354
2013,304,174,190,163,339
2013,281,162,186,164,331
2013,281,149,160,149,304
2013,294,142,157,148,300
2013,296,150,173,152,314
2013,285,146,167,152,330
2013,280,147,170,149,324
2013,280,145,168,150,303
2013,305,146,176,152,307
2013,303,151,187,156,317
2013,294,155,196,156,321
2013,296,151,194,156,315
2013,292,151,196,155,312
2013,292,151,196,155,317
2013,293,148,198,153,310
2013,310,156,210,157,316
2013,310,165,230,162,331
2013,300,162,229,162,330
2013,305,158,214,161,325
2013,300,159,217,166,326
2013,304,158,214,172,320
2013,316,158,218,164,319
2013,315,164,225,168,330
2013,315,161,221,168,327
2013,304,166,217,168,333
2013,312,165,207,171,326
2013,316,168,219,172,325
2013,321,169,220,174,331
2013,326,169,222,177,340
2013,329,170,225,180,343
2013,341,173,225,180,345
2013,340,180,241,186,365
2013,339,177,240,182,350
2013,341,174,238,181,345
2013,331,179,248,182,356
2013,339,178,239,181,356
2013,347,182,246,183,356
2013,347,193,262,191,379
2013,341,193,258,189,379
2013,329,192,258,191,373
2013,334,189,251,188,363
2013,329,188,253,189,357
2013,333,187,251,187,346
2013,327,191,258,189,351
2013,325,193,253,190,350
2013,328,193,256,190,349
2013,334,196,262,199,358
2013,334,194,270,202,362
2013,323,195,265,195,361
2013,311,187,255,191,351
2013,316,187,250,190,344
2013,312,188,246,191,359
2013,317,191,249,195,347
2013,318,190,252,199,365
2013,332,190,248,200,369
2013,328,198,257,205,383
2013,333,198,257,204,381
2013,332,200,263,207,378
2013,327,200,260,205,378
2013,331,194,254,202,372
2013,332,197,255,201,373
2013,337,196,265,200,375
2013,337,203,271,201,377
2013,340,208,276,202,381
2013,343,210,284,205,387
2013,341,206,276,203,384
2013,344,207,279,203,384
2013,349,208,286,207,385
2013,362,210,286,205,391
2013,357,215,287,209,400
2013,356,221,292,211,389
2013,357,224,294,213,388
2013,350,222,296,216,395
2013,349,219,292,215,391
2013,351,213,291,218,383
2013,353,220,303,236,384
2013,356,220,304,236,383
2013,359,220,306,241,391
2013,361,224,307,242,397
2013,357,220,306,242,389
2013,344,217,294,238,384
2013,346,209,290,229,365
2013,351,209,294,228,363
2013,351,212,294,231,367
2013,344,212,291,229,365
2013,348,210,298,229,362
2013,343,211,301,225,364
2013,337,212,292,226,364
2013,340,208,295,223,356
2013,345,205,303,221,362
2013,340,213,299,230,359
2013,347,210,295,226,354
2013,344,208,297,227,355
2013,344,214,301,229,356
2013,344,214,289,233,355
2013,348,211,288,229,346
2013,336,209,286,233,338
2013,329,204,275,230,334
2013,331,200,273,225,330
2013,320,196,259,218,327
2013,320,190,255,215,320
2014,477,321,502,312,632
2014,475,318,499,310,623
2014,473,317,494,308,622
2014,472,319,494,308,627
2014,479,321,494,306,623
2014,481,321,494,307,622
2014,470,327,498,308,629
2014,466,324,490,304,618
2014,460,314,488,307,626
2014,462,302,475,302,622
2014,470,301,472,296,642
2014,465,314,477,311,654
2014,466,315,483,311,624
2014,465,316,491,314,623
2014,462,320,489,316,618
2014,463,319,489,307,616
2014,470,322,497,313,623
2014,470,327,499,318,620
2014,466,329,500,320,612
2014,471,326,499,318,610
2014,474,322,493,319,608
2014,478,320,489,320,601
2014,473,319,481,321,601
2014,475,313,469,306,579
2014,476,311,470,306,580
2014,472,316,471,304,580
2014,465,322,478,309,600
2014,458,315,477,306,600
2014,462,307,467,297,578
2014,465,306,470,291,539
2014,458,306,474,295,543
2014,464,304,476,294,554
2014,457,308,477,279,547
2014,455,308,474,272,556
2014,453,311,481,275,563
2014,451,306,467,274,554
2014,449,303,461,274,554
2014,455,306,469,274,561
2014,454,304,458,278,564
2014,455,299,445,272,555
2014,447,296,439,270,559
2014,445,293,430,264,547
2014,447,292,426,264,540
2014,448,291,424,266,541
2014,447,286,427,260,543
2014,446,286,424,258,531
2014,447,286,424,258,532
2014,446,288,423,258,507
2014,442,279,418,257,502
2014,428,274,402,252,500
2014,433,266,394,247,496
2014,437,269,397,252,507
2014,433,269,387,249,504
2014,443,265,379,245,501
2014,433,271,387,248,512
2014,430,263,379,241,500
2014,433,260,374,237,503
2014,435,260,380,242,506
2014,432,261,378,245,507
2014,435,265,386,245,502
2014,424,269,390,245,512
2014,427,266,378,238,514
2014,423,276,397,249,518
2014,427,280,399,256,521
2014,429,287,408,260,522
2014,428,286,408,257,532
2014,422,285,405,262,524
2014,425,278,398,256,511
2014,429,277,399,256,514
2014,427,282,412,262,523
2014,426,284,417,263,535
2014,428,285,419,260,532
2014,432,285,417,255,532
2014,431,281,419,257,537
2014,423,285,421,257,538
2014,425,281,416,252,539
2014,427,286,416,249,529
2014,429,287,414,251,528
2014,420,289,409,252,529
2014,421,291,405,250,524
2014,417,283,397,246,519
2014,420,280,399,251,520
2014,421,274,398,250,527
2014,422,275,399,251,522
2014,415,280,403,252,515
2014,409,281,399,247,509
2014,411,281,394,241,500
2014,415,281,398,244,490
2014,412,278,395,242,483
2014,405,269,378,236,477
2014,403,264,374,237,479
2014,396,266,382,243,482
2014,397,262,377,241,475
2014,405,261,371,242,466
2014,404,263,381,244,470
2014,409,263,383,243,466
2014,406,270,393,247,469
2014,407,271,391,246,469
2014,416,268,387,244,463
2014,418,268,392,244,477
2014,414,271,402,247,487
2014,417,264,395,249,471
2014,420,268,397,250,472
2014,417,274,399,256,469
2014,419,274,400,254,466
2014,413,270,403,252,475
2014,415,270,405,252,471
2014,415,269,399,256,468
2014,417,264,391,260,457
2014,412,266,393,257,443
2014,408,254,380,252,436
2014,405,244,369,241,428
2014,411,247,363,243,429
2014,414,253,372,255,433
2014,414,255,375,258,432
2014,419,257,378,258,436
2014,427,264,385,268,435
2014,417,266,387,270,441
2014,419,264,385,270,446
2014,411,264,385,270,447
2014,410,261,384,268,442
2014,407,258,384,269,442
2014,405,252,382,264,433
2014,411,255,386,265,433
2014,414,258,383,269,442
2014,410,262,385,266,440
2014,410,257,377,260,448
2014,412,254,373,258,465
2014,417,257,368,261,462
2014,422,258,370,264,480
2014,419,264,368,265,469
2014,417,257,355,258,465
2014,419,260,364,261,458
2014,409,265,381,270,467
2014,407,267,388,270,464
2014,409,269,387,267,450
2014,407,271,393,271,450
2014,402,270,395,274,451
2014,407,266,389,270,434
2014,411,267,385,268,431
2014,409,265,380,265,437
2014,395,266,380,264,443
2014,404,258,367,254,434
2014,411,261,373,260,430
2014,402,265,372,261,429
2014,398,263,370,263,435
2014,394,264,375,270,431
2014,400,266,373,275,439
2014,404,264,368,251,447
2014,407,262,363,246,448
2014,405,264,371,253,452
2014,401,267,372,257,459
2014,393,266,351,242,453
2014,387,254,333,228,435
2014,393,256,327,228,430
2014,395,255,330,228,431
2014,378,254,329,224,425
2014,358,251,326,217,425
2014,357,234,311,209,406
2014,359,231,308,208,405
2014,358,232,307,205,403
2014,358,228,310,204,404
2014,360,228,306,205,401
2014,357,226,303,208,401
2014,362,230,306,207,404
2014,362,232,306,211,412
2014,366,231,307,209,404
2014,363,236,304,207,411
2014,357,235,300,205,401
2014,359,233,301,207,401
2014,362,230,293,202,400
2014,361,222,286,196,392
2014,368,222,289,196,395
2014,369,225,299,199,403
2014,370,227,301,203,402
2014,362,229,297,199,392
2014,362,220,284,192,385
2014,364,224,286,190,378
2014,365,224,287,190,380
2014,368,226,293,193,385
2014,374,223,294,189,382
2014,372,226,292,192,391
2014,373,229,292,190,389
2014,372,229,286,184,386
2014,374,228,286,177,386
2014,374,228,280,174,386
2014,365,226,282,173,383
2014,366,218,278,170,371
2014,364,218,279,170,372
2014,368,218,271,168,374
2014,366,220,277,171,381
2014,365,219,270,170,383
2014,370,221,271,165,378
2014,362,222,276,165,382
2014,362,220,280,165,372
2014,366,218,284,167,372
2014,355,217,285,169,376
2014,337,219,281,165,356
2014,334,206,266,158,344
2014,335,200,262,158,340
2014,332,194,259,155,338
2014,334,187,251,152,335
2014,338,190,253,153,342
2014,335,188,248,152,343
2014,335,187,247,151,338
2014,331,188,248,151,339
2014,331,186,239,150,336
2014,334,183,232,148,335
2014,329,187,233,151,343
2014,324,189,233,150,340
2014,320,183,223,147,325
2014,316,180,221,148,323
2014,322,179,220,150,318
2014,322,182,224,153,325
2014,321,176,224,152,324
2014,323,175,224,151,324
2014,323,175,225,153,329
2014,318,174,221,150,330
2014,315,176,225,152,334
2014,313,176,224,152,333
2014,314,175,225,149,327
2014,315,180,225,152,329
2014,322,177,222,152,325
2014,322,182,228,157,332
2014,324,185,224,160,330
2014,336,184,232,159,329
2014,339,192,241,162,342
2014,338,196,243,166,353
2014,337,198,238,165,355
2014,334,196,238,166,353
2014,332,190,233,164,364
2014,336,188,231,162,364
2014,340,193,235,164,366
2014,335,192,236,164,365
2014,336,188,235,163,356
2014,330,192,237,164,358
2014,331,186,233,161,350
2014,332,191,237,164,355
2014,331,192,242,166,356
2014,330,191,247,166,354
2014,331,189,251,169,357
2014,328,194,252,172,356
2014,332,196,254,174,354
2014,332,200,258,177,361
2015,536,238,449,224,720
2015,538,239,455,226,709
2015,537,241,458,228,706
2015,536,240,455,229,708
2015,536,235,451,228,701
2015,532,238,452,230,703
2015,537,236,447,228,698
2015,535,235,442,230,706
2015,539,227,433,227,702
2015,532,230,436,231,703
2015,529,229,438,227,695
2015,526,224,436,226,687
2015,522,226,431,226,674
2015,529,227,441,227,668
2015,523,235,450,232,678
2015,523,236,451,234,669
2015,530,238,459,236,674
2015,528,239,462,239,672
2015,537,238,461,241,665
2015,538,242,463,241,675
2015,540,246,460,245,680
2015,538,249,462,250,689
2015,539,250,469,250,692
2015,531,246,471,250,699
2015,531,240,465,243,685
2015,532,239,464,241,678
2015,534,242,463,243,684
2015,533,241,460,243,682
2015,523,242,463,244,682
2015,529,237,464,241,673
2015,529,244,476,248,677
2015,525,243,481,248,679
2015,526,238,485,240,670
2015,526,240,480,243,656
2015,531,239,468,241,647
2015,539,239,465,246,660
2015,539,243,465,243,657
2015,540,246,464,234,651
2015,541,249,473,239,673
2015,540,254,475,236,683
2015,549,254,478,237,687
2015,551,252,475,237,688
2015,555,247,469,237,664
2015,554,247,483,242,671
2015,550,258,522,249,660
2015,553,259,521,251,662
2015,546,260,526,253,665
2015,546,257,512,250,657
2015,548,260,509,255,654
2015,549,261,507,255,658
2015,541,264,505,255,659
2015,541,260,499,249,653
2015,537,257,496,244,653
2015,539,261,491,244,656
2015,542,261,487,245,662
2015,540,260,490,243,660
2015,543,253,492,243,654
2015,542,257,497,244,661
2015,548,257,506,240,656
2015,533,255,513,240,653
2015,533,243,496,235,641
2015,531,246,496,237,648
2015,522,245,505,242,652
2015,525,244,507,239,641
2015,523,244,514,239,654
2015,514,249,512,240,659
2015,525,246,510,238,643
2015,524,254,528,245,665
2015,511,253,517,242,657
2015,505,248,494,237,641
2015,509,244,483,234,640
2015,504,248,496,235,646
2015,504,243,481,230,631
2015,507,243,483,227,635
2015,501,241,486,232,635
2015,491,237,474,228,620
2015,497,226,450,221,601
2015,504,234,468,225,606
2015,496,243,487,232,627
2015,499,241,467,231,609
2015,513,246,480,239,614
2015,513,253,508,247,652
2015,510,258,508,249,647
2015,506,257,509,249,650
2015,508,253,496,246,627
2015,508,258,503,253,639
2015,529,245,482,245,648
2015,536,270,525,268,688
2015,540,271,533,271,697
2015,542,277,554,278,712
2015,545,274,561,285,705
2015,550,275,561,280,720
2015,538,275,570,269,718
2015,534,265,568,259,691
2015,546,265,558,256,686
2015,546,275,571,269,705
2015,545,281,576,283,707
2015,547,282,580,281,705
2015,545,283,585,289,707
2015,542,283,580,285,692
2015,546,286,580,289,691
2015,555,284,577,281,690
2015,554,275,574,270,695
2015,553,265,566,257,717
2015,553,263,567,254,726
2015,547,259,561,259,729
2015,553,265,556,258,715
2015,553,273,580,263,725
2015,556,284,584,270,720
2015,548,288,590,269,729
2015,556,283,585,264,721
2015,554,287,600,267,737
2015,556,289,602,271,733
2015,547,288,609,272,741
2015,545,286,584,268,712
2015,547,285,584,268,711
2015,544,288,582,274,715
2015,536,285,578,271,709
2015,533,281,572,268,705
2015,542,280,577,267,707
2015,541,284,586,273,713
2015,536,287,584,271,722
2015,528,286,586,269,714
2015,535,285,584,268,718
2015,532,284,579,268,704
2015,527,280,559,263,693
2015,530,283,563,260,684
2015,531,283,566,265,690
2015,522,286,570,265,703
2015,525,289,572,262,692
2015,522,285,571,268,690
2015,514,286,572,266,679
2015,509,277,552,260,664
2015,501,276,550,258,654
2015,503,274,549,255,648
2015,501,275,551,255,645
2015,503,272,550,250,645
2015,499,269,551,254,656
2015,507,262,547,254,640
2015,500,266,565,261,667
2015,501,261,559,258,665
2015,505,257,554,255,676
2015,506,258,548,258,678
2015,502,264,556,258,683
2015,503,269,551,257,673
2015,517,277,553,266,680
2015,524,288,578,278,696
2015,514,288,585,278,700
2015,518,286,575,278,684
2015,513,285,578,281,687
2015,511,282,564,277,691
2015,511,284,562,278,688
2015,511,285,569,282,694
2015,511,285,570,290,699
2015,503,290,558,293,692
2015,504,287,561,288,689
2015,494,288,568,290,682
2015,494,284,562,287,672
2015,494,286,556,281,663
2015,485,289,559,274,671
2015,494,280,532,267,659
2015,490,294,551,276,670
2015,475,288,541,262,665
2015,484,277,527,261,654
2015,493,284,543,265,676
2015,499,299,566,272,712
2015,493,299,568,277,669
2015,495,301,568,270,666
2015,501,300,552,272,665
2015,502,297,535,273,671
2015,502,275,524,267,668
2015,506,280,527,276,684
2015,505,284,538,278,689
2015,500,285,540,284,681
2015,501,283,523,289,677
2015,508,283,518,288,685
2015,514,282,534,292,693
2015,515,284,551,292,709
2015,518,286,550,290,722
2015,520,288,566,286,723
2015,527,289,568,286,711
2015,517,291,572,281,715
2015,515,286,556,274,686
2015,515,289,558,272,693
2015,515,292,569,275,699
2015,510,294,570,273,681
2015,517,287,560,267,657
2015,506,290,564,268,656
2015,502,286,546,264,650
2015,516,280,544,257,653
2015,518,288,562,265,663
2015,523,284,558,271,670
2015,527,285,555,275,668
2015,525,290,556,278,670
2015,531,300,564,282,663
2015,528,304,581,287,671
2015,525,304,580,283,670
2015,520,301,569,282,657
2015,526,300,570,281,671
2015,527,307,584,287,685
2015,525,302,584,285,688
2015,528,303,585,288,674
2015,541,303,592,291,682
2015,531,316,617,294,706
2015,540,318,613,294,705
2015,540,317,631,303,704
2015,534,317,648,302,702
2015,526,315,613,302,699
2015,518,305,567,300,669
2015,525,292,552,289,667
2015,533,293,553,296,671
2015,533,296,552,296,675
2015,535,299,549,297,658
2015,539,301,562,302,649
2015,536,308,565,302,654
2015,533,311,570,306,654
2015,532,307,570,307,646
2015,537,313,581,307,655
2015,528,308,579,284,648
2015,526,304,569,286,649
2015,519,301,554,287,643
2015,526,291,554,280,633
2015,537,299,563,290,633
2015,533,305,566,291,644
2015,531,313,559,293,646
2015,540,315,587,300,653
2015,537,320,617,308,676
2015,546,328,588,309,661
2015,528,346,600,327,666
2015,536,349,591,335,676
2015,520,349,592,330,694
2015,509,337,565,327,693
2015,509,336,565,325,694
2015,509,335,547,326,694
2015,501,334,551,318,698
2015,500,328,529,313,695
2015,495,322,515,315,698
2015,481,321,514,320,700
2015,481,306,500,305,696
2015,482,310,505,305,696
2015,487,315,502,307,686
2015,481,311,495,303,680
2015,471,316,502,305,670
2015,470,308,499,300,636
2015,478,316,499,300,626
2015,482,330,518,313,633
2015,475,329,514,315,636
2015,475,320,503,314,629
2016,601,232,450,250,720
2016,592,228,444,248,713
2016,591,229,440,248,713
2016,586,231,438,249,712
2016,592,226,432,244,711
2016,585,229,438,249,712
2016,589,230,448,250,713
2016,590,230,458,255,720
2016,587,229,462,255,718
2016,590,234,468,261,720
2016,587,232,473,265,719
2016,587,237,478,265,725
2016,592,237,467,263,728
2016,591,240,453,266,731
2016,598,241,445,264,730
2016,598,244,456,267,745
2016,589,239,449,260,749
2016,596,235,447,256,734
2016,597,237,456,259,734
2016,593,237,461,257,730
2016,597,236,460,254,724
2016,598,236,466,256,745
2016,588,241,470,258,755
2016,591,232,465,253,745
2016,593,232,473,254,750
2016,581,236,471,261,752
2016,591,236,468,262,742
2016,598,241,481,259,766
2016,598,239,471,257,770
2016,604,237,466,257,763
2016,614,241,473,276,779
2016,621,243,474,277,776
2016,626,242,473,277,771
2016,636,245,479,278,790
2016,638,251,499,273,816
2016,624,266,507,281,819
2016,626,256,488,260,822
2016,623,257,491,253,812
2016,620,253,485,253,802
2016,626,245,479,243,800
2016,622,245,476,246,806
2016,629,247,477,251,804
2016,625,250,476,259,806
2016,628,252,488,258,820
2016,625,252,487,258,819
2016,618,258,486,255,807
2016,624,253,488,259,812
2016,630,263,529,261,787
2016,634,259,522,263,787
2016,626,252,526,259,782
2016,628,252,540,260,772
2016,628,241,536,255,774
2016,617,246,532,257,777
2016,630,235,519,253,769
2016,630,220,521,252,782
2016,641,219,519,250,772
2016,639,227,532,257,780
2016,640,228,534,259,783
2016,642,228,531,257,783
2016,643,232,536,261,782
2016,642,235,547,260,792
2016,635,233,551,255,788
2016,637,229,541,251,777
2016,646,228,539,247,773
2016,648,237,549,254,782
2016,647,236,541,249,784
2016,655,239,547,252,788
2016,652,247,557,255,796
2016,645,250,592,258,795
2016,643,245,599,251,788
2016,644,247,593,254,793
2016,647,247,594,256,803
2016,638,243,602,254,807
2016,633,246,589,256,809
2016,639,247,602,258,806
2016,644,244,592,253,813
2016,643,249,613,264,819
2016,642,251,629,268,820
2016,649,253,625,267,804
2016,641,248,636,260,818
2016,640,238,599,255,814
2016,644,237,597,252,811
2016,633,235,597,253,807
2016,618,233,591,252,786
2016,627,228,589,249,781
2016,628,223,586,247,781
2016,630,225,587,250,781
2016,624,226,583,254,777
2016,624,227,583,255,778
2016,622,229,580,255,773
2016,625,231,589,259,779
2016,616,230,593,248,784
2016,612,225,590,246,766
2016,613,226,583,247,773
2016,613,224,591,243,763
2016,612,221,570,227,765
2016,622,218,568,232,761
2016,623,223,574,235,765
2016,623,223,571,233,772
2016,619,224,567,233,774
2016,619,219,548,226,756
2016,620,220,549,227,756
2016,620,223,550,228,760
2016,622,227,551,227,753
2016,623,239,546,229,764
2016,617,247,544,231,750
2016,618,246,549,229,754
2016,622,238,554,227,752
2016,614,244,538,230,764
2016,613,240,538,224,760
2016,615,238,538,226,761
2016,608,243,558,231,782
2016,612,245,565,230,778
2016,610,239,571,229,777
2016,599,242,565,232,772
2016,598,244,560,232,780
2016,600,237,557,228,775
2016,599,238,561,227,764
2016,586,227,544,225,761
2016,592,220,546,218,743
2016,582,223,542,220,746
2016,585,223,540,224,740
2016,586,226,544,223,744
2016,587,219,543,220,753
2016,583,219,534,219,763
2016,582,215,518,217,753
2016,579,212,514,216,743
2016,580,212,514,217,739
2016,594,210,511,211,734
2016,584,219,526,218,747
2016,582,217,516,213,739
2016,585,216,517,214,747
2016,584,216,522,216,752
2016,580,217,527,213,751
2016,583,217,523,216,754
2016,575,225,529,216,766
2016,575,223,530,208,752
2016,579,222,531,202,756
2016,578,230,541,206,751
2016,580,231,543,210,753
2016,586,234,539,211,759
2016,584,231,534,210,772
2016,585,221,533,199,765
2016,586,222,543,197,769
2016,586,219,524,201,746
2016,590,218,512,198,745
2016,589,222,515,205,747
2016,592,222,514,199,743
2016,590,221,512,196,743
2016,585,219,519,184,730
2016,569,214,502,175,713
2016,567,204,489,170,698
2016,569,201,487,168,703
2016,568,200,491,171,702
2016,569,205,491,173,706
2016,575,206,501,180,709
2016,580,205,503,177,709
2016,569,203,486,177,718
2016,573,206,491,185,708
2016,568,211,493,189,727
2016,571,204,498,185,732
2016,569,205,488,190,723
2016,559,205,477,189,714
2016,565,199,461,184,703
2016,562,195,461,180,709
2016,558,195,462,180,713
2016,558,201,471,184,707
2016,565,206,472,186,718
2016,556,215,472,189,717
2016,561,218,468,192,701
2016,556,222,466,196,713
2016,545,231,480,201,701
2016,545,230,470,197,680
2016,544,229,476,200,676
2016,548,230,468,194,687
2016,543,216,459,187,687
2016,540,216,445,187,683
2016,530,219,441,192,692
2016,534,208,434,188,677
2016,529,204,430,188,671
2016,527,201,422,183,665
2016,530,200,427,182,663
2016,528,202,425,184,668
2016,533,205,433,184,669
2016,531,217,445,195,687
2016,534,217,450,196,680
2016,531,215,444,194,681
2016,526,216,444,198,684
2016,523,203,429,190,672
2016,524,205,423,188,670
2016,526,213,438,197,660
2016,522,212,441,198,666
2016,513,214,445,197,664
2016,508,209,436,191,659
2016,514,207,428,186,651
2016,512,206,425,185,651
2016,513,201,419,185,640
2016,513,202,415,182,637
2016,509,194,413,180,643
2016,511,196,413,181,655
2016,506,197,417,183,660
2016,509,197,412,183,651
2016,507,200,416,188,666
2016,502,198,417,183,658
2016,491,200,407,181,656
2016,485,186,392,162,638
2016,479,173,376,159,630
2016,470,168,386,156,616
2016,474,166,378,152,607
2016,484,170,387,156,619
2016,493,175,385,159,623
2016,494,180,397,165,640
2016,494,181,393,165,631
2016,486,178,398,160,636
2016,486,173,403,159,625
2016,486,179,406,156,620
2016,485,185,418,168,625
2016,487,176,391,155,622
2016,505,181,377,154,629
2016,512,188,394,159,667
2016,517,190,400,167,677
2016,526,190,409,172,673
2016,523,190,400,168,692
2016,521,185,383,163,676
2016,526,186,381,166,666
2016,529,191,391,169,677
2016,524,197,399,173,688
2016,515,209,408,180,684
2016,517,212,406,185,663
2016,519,216,415,184,675
2016,514,215,421,183,681
2016,510,212,424,185,683
2016,508,206,409,176,661
2016,517,204,388,174,663
2016,512,208,393,183,669
2016,520,203,373,181,667
2016,524,204,374,184,676
2016,529,214,391,196,684
2016,522,218,407,201,689
2016,528,215,406,199,692
2016,530,218,417,204,701
2016,527,223,414,209,695
2016,532,224,409,210,692
2016,530,227,431,217,704
2016,534,233,436,218,708
2016,543,232,438,221,705
2016,540,239,450,228,727
2017,937,314,564,310,1010
2017,926,315,547,308,1005
2017,932,313,555,315,1014
2017,936,318,555,317,1016
2017,932,317,554,320,1010
2017,932,315,549,317,1011
2017,940,316,555,318,1013
2017,937,314,554,320,1021
2017,935,309,549,319,1023
2017,917,303,548,312,1030
2017,909,304,541,314,1025
2017,908,303,536,313,1015
2017,921,308,539,318,1000
2017,918,311,545,318,1009
2017,903,311,543,313,1009
2017,900,306,534,316,1002
2017,908,300,531,312,1000
2017,915,305,533,319,1000
2017,922,304,535,314,998
2017,925,305,534,313,1005
2017,935,308,535,320,1000
2017,931,315,550,329,1026
2017,927,313,563,332,1030
2017,924,317,559,336,1036
2017,919,317,546,332,1030
2017,926,319,544,335,1022
2017,921,319,541,335,1026
2017,917,320,547,331,1030
2017,911,319,545,333,1041
2017,902,325,542,338,1023
2017,898,319,543,333,1017
2017,899,316,542,325,1012
2017,905,314,546,329,999
2017,909,314,537,331,995
2017,912,319,545,334,993
2017,911,311,540,314,1005
2017,910,306,545,310,1011
2017,912,312,527,317,1013
2017,913,316,535,329,1010
2017,909,316,540,325,1016
2017,909,317,532,314,1020
2017,902,313,535,320,1024
2017,905,300,523,306,1025
2017,894,301,484,312,1029
2017,896,301,486,311,1029
2017,896,299,484,321,1019
2017,931,306,473,325,1011
2017,930,267,452,254,1066
2017,922,263,450,246,1062
2017,932,258,460,243,1078
2017,924,263,465,244,1096
2017,927,274,513,251,1079
2017,923,274,520,252,1083
2017,907,271,529,252,1082
2017,893,268,525,251,1058
2017,899,268,516,252,1044
2017,896,270,515,257,1056
2017,898,272,506,257,1050
2017,897,272,503,257,1040
2017,897,272,501,252,1033
2017,902,276,506,253,1029
2017,901,278,510,251,1007
2017,896,277,509,254,1002
2017,886,276,512,253,1005
2017,894,276,506,250,980
2017,898,283,512,258,994
2017,910,280,502,259,1000
2017,918,277,505,262,1022
2017,922,285,513,269,1029
2017,923,291,519,270,1023
2017,928,295,521,268,1034
2017,922,293,525,270,1017
2017,918,292,516,272,1005
2017,919,294,520,274,1008
2017,916,292,499,273,1020
2017,910,291,497,273,1022
2017,892,291,494,271,1007
2017,881,292,494,272,1008
2017,878,293,497,274,994
2017,876,295,493,274,996
2017,874,298,503,277,988
2017,882,297,502,278,978
2017,886,298,508,278,993
2017,882,298,500,278,976
2017,871,300,504,277,971
2017,879,300,504,277,964
2017,879,301,511,279,976
2017,884,298,507,280,972
2017,872,299,503,279,980
2017,870,294,499,274,971
2017,874,294,495,275,970
2017,881,293,490,279,984
2017,889,293,497,281,989
2017,877,295,500,283,1001
2017,873,292,492,278,983
2017,878,287,490,280,992
2017,880,289,486,297,997
2017,887,291,487,302,992
2017,892,296,499,304,988
2017,893,300,506,311,998
2017,888,296,508,305,996
2017,894,296,506,301,996
2017,897,302,517,308,1011
2017,890,303,517,309,1015
2017,887,303,520,313,1022
2017,893,296,515,299,1013
2017,872,307,525,298,998
2017,868,310,529,296,987
2017,866,304,545,296,988
2017,850,303,535,295,993
2017,854,302,541,291,999
2017,844,301,540,291,980
2017,840,302,520,293,994
2017,839,304,517,291,977
2017,838,304,511,293,980
2017,840,298,513,292,977
2017,839,298,512,289,962
2017,838,292,507,288,957
2017,836,290,507,284,959
2017,832,291,510,286,968
2017,827,290,503,280,965
2017,823,294,510,281,958
2017,825,293,514,275,960
2017,827,290,508,273,959
2017,824,290,517,275,949
2017,830,290,517,274,956
2017,831,293,512,272,948
2017,832,290,492,276,972
2017,837,288,493,280,975
2017,847,292,505,289,985
2017,847,290,508,295,998
2017,841,291,508,291,992
2017,845,292,512,290,983
2017,833,291,520,289,988
2017,830,288,510,286,983
2017,834,288,508,284,963
2017,836,290,510,284,968
2017,833,286,506,284,974
2017,832,287,508,285,977
2017,821,293,514,289,985
2017,819,291,516,289,979
2017,818,295,514,291,969
2017,816,290,510,287,966
2017,815,291,514,287,967
2017,812,289,508,287,965
2017,816,291,509,287,963
2017,813,297,514,288,966
2017,814,292,514,289,962
2017,811,286,507,284,969
2017,807,292,511,288,965
2017,782,289,507,290,957
2017,783,279,499,283,936
2017,786,278,501,289,940
2017,779,276,502,294,941
2017,777,279,502,308,937
2017,777,280,492,303,943
2017,778,282,503,308,951
2017,775,275,502,308,960
2017,774,274,500,301,973
2017,771,270,503,298,955
2017,774,273,517,298,937
2017,766,272,526,294,928
2017,766,273,518,297,907
2017,764,275,511,299,907
2017,766,271,505,296,908
2017,770,271,519,299,905
2017,769,248,501,290,917
2017,772,251,506,288,918
2017,783,253,510,290,902
2017,774,249,507,282,917
2017,767,252,517,286,900
2017,765,248,516,286,898
2017,747,244,499,286,896
2017,729,245,486,282,880
2017,723,248,488,285,889
2017,722,255,500,284,876
2017,717,258,500,290,882
2017,719,257,502,290,888
2017,720,257,508,292,880
2017,718,255,506,290,879
2017,715,258,515,295,881
2017,718,252,511,289,877
2017,718,252,504,289,873
2017,715,255,509,293,894
2017,715,259,508,297,890
2017,720,261,501,293,876
2017,731,252,491,293,872
2017,713,256,499,291,865
2017,709,257,504,288,858
2017,703,252,503,282,859
2017,711,248,487,279,871
2017,714,250,489,277,879
2017,714,243,488,269,868
2017,719,241,485,268,862
2017,716,247,488,272,860
2017,711,250,503,274,855
2017,707,255,517,274,848
2017,707,259,514,279,851
2017,704,259,512,277,844
2017,699,261,511,275,836
2017,696,246,516,272,829
2017,695,249,516,273,825
2017,692,249,510,270,825
2017,689,251,512,268,817
2017,687,252,519,270,819
2017,689,251,513,265,810
2017,694,253,506,267,816
2017,694,254,513,272,824
2017,695,251,507,269,802
2017,696,254,509,268,801
2017,698,259,528,270,811
2017,706,260,525,272,796
2017,703,259,504,271,798
2017,687,257,481,270,797
2017,662,257,489,269,797
2017,660,253,493,271,793
2017,654,255,488,269,784
2017,654,259,487,270,790
2017,650,256,490,272,793
2017,647,256,489,276,779
2017,651,259,485,276,770
2017,652,260,488,277,768
2017,656,262,493,278,773
2017,654,264,498,277,767
2017,648,256,491,278,765
2017,651,260,483,273,770
2017,642,255,476,271,777
2017,641,245,466,260,774
2017,645,246,472,264,776
2017,644,247,473,266,785
2017,632,236,464,259,795
2017,621,234,451,255,743
2017,617,234,445,254,733
2017,617,240,451,251,723
2017,620,245,484,258,728
2017,618,244,489,258,731
2017,622,244,487,256,726
2017,615,245,477,256,731
2017,616,244,473,251,728
2017,616,244,455,251,728
2017,606,241,454,252,728
2017,596,237,447,248,713
2017,596,235,453,247,709
2017,592,235,455,246,717
2017,591,234,458,245,699
2017,594,228,453,243,696
2017,597,231,455,245,712
2017,602,229,448,244,715
2018,1059,360,620,296,1257
2018,1050,361,625,295,1241
2018,1059,356,618,292,1240
2018,1038,356,620,294,1248
2018,1053,353,615,293,1239
2018,1066,354,621,292,1227
2018,1059,362,633,294,1236
2018,1065,367,642,301,1226
2018,1063,362,619,293,1237
2018,1046,358,617,290,1222
2018,1048,352,620,289,1256
2018,1040,350,619,289,1264
2018,1027,350,620,285,1237
2018,1042,343,604,281,1219
2018,1051,346,590,274,1198
2018,1046,352,604,275,1280
2018,1047,348,600,276,1180
2018,1040,351,615,280,1212
2018,1054,358,623,283,1225
2018,1062,356,625,287,1226
2018,1063,355,626,285,1234
2018,1042,362,631,286,1213
2018,1030,359,628,285,1160
2018,1023,355,625,289,1174
2018,1001,356,631,286,1171
2018,1007,352,615,283,1171
2018,1004,357,627,287,1177
2018,1005,358,613,283,1170
2018,1000,362,616,288,1175
2018,985,368,620,291,1169
2018,977,370,626,285,1162
2018,962,367,613,284,1130
2018,958,361,618,278,1166
2018,971,352,607,278,1154
2018,977,357,613,283,1136
2018,971,356,607,287,1134
2018,976,353,607,286,1125
2018,973,350,624,295,1129
2018,954,354,611,285,1133
2018,954,354,602,286,1110
2018,954,355,582,281,1119
2018,961,346,563,273,1124
2018,978,349,567,268,1138
2018,982,316,538,248,1159
2018,994,320,561,250,1186
2018,990,322,564,256,1177
2018,997,323,563,256,1174
2018,982,327,562,260,1164
2018,985,315,563,261,1199
2018,994,315,576,261,1176
2018,1002,321,589,270,1176
2018,989,313,577,263,1170
2018,967,319,585,264,1167
2018,981,312,581,262,1116
2018,968,320,589,279,1138
2018,970,306,553,263,1108
2018,980,311,557,266,1104
2018,977,307,569,258,1052
2018,1013,317,586,271,1075
2018,1015,304,572,272,1098
2018,1001,314,593,274,1122
2018,986,306,613,266,1142
2018,982,307,600,265,1142
2018,974,313,617,264,1169
2018,961,311,614,271,1183
2018,983,309,597,264,1149
2018,979,317,599,271,1180
2018,992,321,609,272,1227
2018,994,319,609,274,1215
2018,1013,326,626,285,1230
2018,1004,328,636,291,1240
2018,998,323,635,285,1230
2018,1018,327,650,283,1206
2018,1026,333,652,285,1223
2018,1024,335,646,292,1245
2018,1021,329,638,296,1261
2018,1024,330,638,297,1238
2018,1035,329,642,296,1258
2018,1028,334,632,306,1269
2018,1031,343,649,310,1287
2018,1037,344,650,309,1278
2018,1045,341,657,310,1289
2018,1038,339,660,305,1285
2018,1033,340,650,308,1275
2018,1038,330,640,300,1255
2018,1046,337,632,302,1248
2018,1046,339,636,307,1263
2018,1036,338,624,308,1275
2018,1036,340,627,302,1263
2018,1042,334,623,293,1245
2018,1044,332,618,295,1293
2018,1055,325,605,294,1287
2018,1057,329,616,304,1286
2018,1066,333,621,317,1277
2018,1063,319,596,309,1288
2018,1055,313,593,304,1284
2018,1058,315,597,309,1283
2018,1063,305,575,299,1310
2018,1077,299,547,294,1280
2018,1087,299,545,295,1313
2018,1083,304,550,294,1307
2018,1099,307,570,297,1305
2018,1094,293,553,287,1311
2018,1083,286,542,288,1311
2018,1077,275,532,272,1315
2018,1076,274,546,267,1312
2018,1092,276,540,266,1337
2018,1091,266,534,262,1333
2018,1086,261,527,260,1347
2018,1086,263,527,260,1399
2018,1082,266,538,259,1401
2018,1088,259,522,252,1408
2018,1081,268,523,258,1404
2018,1072,272,538,263,1390
2018,1071,269,537,259,1387
2018,1060,273,533,264,1372
2018,1055,271,525,262,1385
2018,1060,270,514,257,1371
2018,1049,272,511,256,1365
2018,1033,273,515,257,1365
2018,1034,273,512,258,1353
2018,1052,277,512,259,1338
2018,1063,275,511,259,1343
2018,1054,271,505,257,1339
2018,1045,279,508,262,1324
2018,1045,288,514,267,1330
2018,1039,290,515,268,1328
2018,1027,301,526,273,1321
2018,1026,298,513,269,1314
2018,1010,293,519,273,1325
2018,1007,293,517,273,1303
2018,1013,293,523,277,1315
2018,1016,283,529,277,1340
2018,1013,285,532,283,1333
2018,1020,291,541,288,1326
2018,1019,287,537,283,1329
2018,1022,286,540,274,1323
2018,1029,288,537,273,1318
2018,1026,291,542,270,1310
2018,1030,284,531,270,1316
2018,1021,284,531,264,1305
2018,1053,287,537,263,1304
2018,1067,289,537,267,1318
2018,1022,286,546,270,1335
2018,1014,285,542,267,1303
2018,1019,290,548,264,1284
2018,1002,299,546,272,1297
2018,991,296,539,267,1296
2018,982,298,534,269,1275
2018,993,292,520,263,1255
2018,994,290,523,254,1263
2018,1004,289,527,244,1277
2018,1012,286,533,239,1294
2018,1009,296,539,243,1271
2018,1017,297,550,243,1281
2018,1009,308,550,248,1284
2018,1004,310,552,254,1272
2018,994,311,553,250,1267
2018,987,307,548,248,1248
2018,981,307,549,248,1251
2018,987,309,542,250,1242
2018,992,290,536,247,1245
2018,982,283,520,242,1233
2018,983,282,533,242,1234
2018,970,277,524,241,1257
2018,960,284,517,246,1211
2018,963,288,539,243,1189
2018,958,279,494,233,1186
2018,965,279,498,237,1168
2018,966,284,505,241,1166
2018,976,279,506,242,1169
2018,967,282,506,241,1153
2018,964,290,513,246,1154
2018,972,290,518,246,1154
2018,969,292,532,248,1165
2018,960,288,542,249,1172
2018,962,288,543,251,1151
2018,957,287,549,254,1135
2018,958,285,540,257,1126
2018,967,289,546,263,1114
2018,960,281,519,261,1118
2018,952,281,500,260,1119
2018,940,279,503,259,1118
2018,956,269,492,247,1078
2018,963,270,502,251,1103
2018,941,262,499,246,1097
2018,944,278,511,250,1048
2018,945,284,512,254,1050
2018,919,282,507,247,1039
2018,932,276,500,235,1039
2018,927,283,518,242,1053
2018,918,289,526,248,1051
2018,922,292,521,249,1045
2018,924,295,519,248,1049
2018,938,298,523,252,1061
2018,930,301,530,254,1086
2018,928,306,536,257,1082
2018,932,304,532,255,1084
2018,923,301,519,253,1101
2018,924,293,505,253,1082
2018,914,297,521,257,1082
2018,921,287,513,247,1085
2018,933,295,517,257,1082
2018,935,303,525,264,1100
2018,940,305,526,262,1096
2018,949,313,529,268,1091
2018,954,322,538,268,1093
2018,938,327,552,274,1105
2018,925,323,537,276,1081
2018,927,318,530,273,1073
2018,930,319,536,273,1055
2018,937,317,532,270,1046
2018,937,320,541,269,1056
2018,939,321,538,272,1050
2018,939,329,544,279,1042
2018,936,319,544,276,1042
2018,923,326,564,289,1043
2018,938,327,558,296,1032
2018,934,334,568,301,1052
2018,946,333,559,293,1036
2018,955,331,564,292,1034
2018,972,330,566,298,1062
2018,993,335,565,297,1086
2018,1001,346,593,306,1121
2018,996,353,594,313,1109
2018,998,353,594,314,1088
2018,985,358,606,312,1115
2018,977,361,616,313,1092
2018,973,353,608,330,1080
2018,979,362,620,318,1075
2018,974,352,612,307,1074
2018,965,354,590,309,1061
2018,943,346,585,303,1047
2018,948,343,585,307,1027
2018,947,334,563,296,1033
2018,931,329,561,303,1038
2018,934,318,555,302,1023
2018,930,310,559,302,1018
2018,930,312,563,301,1002
2018,928,313,565,304,1010
2018,930,314,565,306,1006
2018,928,313,563,306,1003
2018,924,315,560,309,1000
2018,934,315,560,303,1000
2018,925,310,560,303,1003
2018,934,310,566,307,1000
2019,1282,539,754,334,1684
2019,1275,544,754,334,1690
2019,1270,549,760,337,1686
2019,1289,539,737,330,1694
2019,1302,541,741,331,1712
2019,1297,541,743,332,1705
2019,1289,546,740,338,1693
2019,1292,540,743,328,1730
2019,1271,541,742,327,1724
2019,1257,541,746,333,1713
2019,1264,539,747,332,1704
2019,1264,537,752,333,1693
2019,1249,535,722,322,1716
2019,1250,534,717,313,1687
2019,1243,529,716,313,1662
2019,1246,527,732,317,1659
2019,1246,525,718,320,1674
2019,1252,528,729,336,1649
2019,1255,529,740,342,1651
2019,1266,509,733,336,1647
2019,1275,511,744,339,1633
2019,1265,513,739,342,1615
2019,1278,519,751,349,1615
2019,1275,506,753,344,1618
2019,1271,511,752,336,1604
2019,1265,498,755,336,1604
2019,1283,497,732,329,1569
2019,1273,498,737,331,1595
2019,1272,495,749,329,1599
2019,1262,494,748,330,1624
2019,1278,498,723,325,1627
2019,1274,500,717,322,1623
2019,1258,499,716,306,1598
2019,1265,486,711,307,1606
2019,1256,497,734,318,1617
2019,1264,489,726,316,1600
2019,1257,479,735,318,1584
2019,1240,481,747,318,1571
2019,1237,468,738,319,1554
2019,1240,471,743,314,1571
2019,1230,462,748,314,1580
2019,1248,463,736,312,1575
2019,1243,471,747,290,1579
2019,1238,477,738,281,1576
2019,1229,470,710,282,1593
2019,1236,469,709,282,1589
2019,1242,455,708,263,1613
2019,1239,455,715,275,1614
2019,1229,451,713,271,1629
2019,1220,438,710,270,1615
2019,1221,441,710,265,1605
2019,1223,435,693,256,1606
2019,1204,432,690,258,1616
2019,1199,429,684,255,1586
2019,1201,429,673,255,1588
2019,1228,424,673,254,1585
2019,1187,437,686,261,1612
2019,1190,416,673,249,1556
2019,1224,414,656,250,1563
2019,1249,427,668,254,1616
2019,1227,425,679,256,1648
2019,1244,434,685,271,1644
2019,1243,449,701,281,1644
2019,1240,452,700,282,1627
2019,1254,434,695,280,1602
2019,1257,441,704,303,1618
2019,1200,446,726,314,1641
2019,1101,418,680,302,1539
2019,1094,387,638,274,1453
2019,1106,399,648,280,1465
2019,1122,401,640,274,1448
2019,1129,412,671,285,1475
2019,1135,413,674,292,1484
2019,1126,403,663,287,1458
2019,1125,395,682,285,1475
2019,1123,395,672,278,1471
2019,1118,391,671,274,1442
2019,1124,389,650,273,1410
2019,1105,398,647,275,1426
2019,1114,392,646,268,1414
2019,1113,410,664,274,1431
2019,1124,404,661,275,1451
2019,1130,413,678,285,1484
2019,1128,419,683,286,1502
2019,1081,412,684,280,1513
2019,1087,395,664,271,1470
2019,1113,399,661,269,1478
2019,1110,412,665,277,1506
2019,1103,417,672,284,1505
2019,1114,423,685,287,1496
2019,1115,419,676,291,1499
2019,1110,417,663,290,1492
2019,1141,410,649,283,1511
2019,1117,420,661,291,1532
2019,1092,414,660,294,1503
2019,1095,408,660,290,1476
2019,1090,410,679,301,1485
2019,1107,403,662,300,1460
2019,1111,411,674,308,1508
2019,1123,417,669,317,1496
2019,1124,425,674,332,1520
2019,1120,425,708,328,1499
2019,1136,429,720,344,1503
2019,1140,416,730,343,1512
2019,1138,409,723,341,1485
2019,1129,409,712,340,1497
2019,1146,412,728,342,1494
2019,1185,412,727,351,1454
2019,1203,410,729,356,1499
2019,1196,419,740,364,1538
2019,1193,425,753,372,1535
2019,1195,425,761,364,1501
2019,1194,422,750,360,1508
2019,1201,427,756,364,1484
2019,1192,427,766,363,1485
2019,1187,431,769,354,1476
2019,1202,429,786,360,1463
2019,1233,426,783,355,1475
2019,1239,436,806,371,1517
2019,1242,436,809,367,1498
2019,1245,436,806,366,1475
2019,1240,437,803,365,1472
2019,1219,439,810,362,1481
2019,1228,437,809,361,1477
2019,1231,441,800,362,1482
2019,1212,439,789,358,1491
2019,1206,434,782,357,1484
2019,1204,429,763,353,1471
2019,1210,431,771,349,1490
2019,1211,433,771,345,1518
2019,1206,420,771,339,1498
2019,1208,422,776,340,1462
2019,1215,414,778,338,1460
2019,1220,418,801,344,1474
2019,1211,420,820,347,1504
2019,1221,418,814,344,1484
2019,1217,421,815,347,1508
2019,1221,416,814,344,1503
2019,1209,417,804,342,1512
2019,1223,412,808,337,1514
2019,1226,419,823,352,1531
2019,1210,423,813,355,1531
2019,1217,424,808,353,1522
2019,1206,426,808,354,1535
2019,1205,423,805,349,1514
2019,1202,434,808,360,1511
2019,1184,436,814,362,1529
2019,1163,432,793,355,1512
2019,1200,411,776,342,1500
2019,1199,405,779,341,1495
2019,1213,400,773,338,1488
2019,1178,408,782,345,1503
2019,1153,390,749,319,1460
2019,1141,383,732,316,1413
2019,1141,377,722,312,1396
2019,1141,380,731,315,1383
2019,1146,376,732,307,1389
2019,1143,385,735,308,1398
2019,1151,381,731,299,1386
2019,1159,382,736,298,1402
2019,1162,387,742,305,1408
2019,1181,401,747,309,1410
2019,1175,402,757,310,1418
2019,1156,396,752,308,1406
2019,1138,408,767,310,1387
2019,1129,407,760,313,1379
2019,1137,395,741,306,1360
2019,1120,401,753,311,1367
2019,1132,397,753,305,1355
2019,1144,395,756,310,1357
2019,1150,404,771,311,1370
2019,1142,407,771,316,1386
2019,1130,393,763,316,1374
2019,1126,395,764,315,1343
2019,1116,390,752,315,1343
2019,1141,394,761,311,1350
2019,1142,397,763,315,1341
2019,1150,387,755,313,1343
2019,1139,391,762,317,1336
2019,1144,389,762,322,1323
2019,1145,392,762,321,1334
2019,1153,397,767,329,1339
2019,1157,398,766,323,1339
2019,1149,401,777,321,1335
2019,1147,401,781,319,1341
2019,1153,393,759,309,1333
2019,1138,394,757,304,1343
2019,1136,384,746,294,1309
2019,1147,392,757,298,1336
2019,1131,393,756,304,1352
2019,1128,398,761,303,1348
2019,1124,398,752,299,1344
2019,1110,395,735,298,1325
2019,1111,388,741,292,1269
2019,1083,392,738,293,1261
2019,1062,388,743,287,1263
2019,1062,376,735,287,1250
2019,1061,371,733,281,1239
2019,1050,371,734,282,1237
2019,1051,372,721,278,1241
2019,1039,363,732,276,1240
2019,1036,354,702,273,1226
2019,1044,350,710,269,1213
2019,1053,346,718,268,1216
2019,1060,348,710,266,1236
2019,1043,356,704,270,1241
2019,1056,352,702,271,1238
2019,1052,351,697,268,1289
2019,1040,345,700,268,1290
2019,1043,343,693,263,1280
2019,1048,339,693,260,1277
2019,1053,342,687,263,1284
2019,1069,344,695,267,1287
2019,1062,340,698,268,1298
2019,1067,344,706,275,1299
2019,1059,350,711,281,1302
2019,1056,355,719,286,1299
2019,1059,359,730,287,1285
2019,1055,359,726,289,1280
2019,1050,353,730,285,1279
2019,1043,355,721,284,1272
2019,1038,355,717,284,1256
2019,1015,364,723,294,1256
2019,1027,366,691,287,1222
2019,1040,347,661,281,1251
2019,1046,344,656,282,1260
2019,1049,357,670,285,1266
2019,1050,365,664,288,1268
2019,1066,367,662,287,1277
2019,1072,369,662,290,1292
2019,1063,372,660,292,1268
2019,1064,372,665,295,1240
2019,1058,375,677,297,1220
2019,1059,375,664,303,1203
2019,1048,373,661,302,1213
2019,1054,373,659,300,1212
2019,1052,379,667,303,1223
2019,1056,380,663,306,1220
2019,1049,382,670,305,1238
2019,1058,380,651,305,1229
2019,1056,368,637,296,1247
2019,1054,365,620,298,1248
2019,1062,363,608,291,1235
2019,1072,365,620,294,1241
2019,1058,364,627,300,1250
2020,1436,535,620,275,1996
2020,1433,529,625,277,2018
2020,1427,529,630,278,1999
2020,1413,520,618,275,1989
2020,1397,514,610,267,1961
2020,1376,504,592,263,1921
2020,1373,500,590,257,1903
2020,1373,495,583,255,1921
2020,1411,517,610,271,1949
2020,1442,510,605,268,1965
2020,1411,512,606,269,1953
2020,1391,518,607,271,1951
2020,1372,526,616,274,1939
2020,1383,515,613,272,1920
2020,1386,507,627,270,1903
2020,1407,512,634,270,1884
2020,1376,508,621,272,1834
2020,1372,510,619,270,1821
2020,1386,502,615,264,1846
2020,1377,482,603,256,1821
2020,1407,480,608,247,1814
2020,1433,485,604,248,1876
2020,1441,473,602,244,1907
2020,1427,475,613,245,1889
2020,1403,473,600,243,1862
2020,1438,478,620,244,1925
2020,1395,468,596,239,1898
2020,1404,480,608,243,1889
2020,1374,479,612,240,1826
2020,1409,498,636,252,1831
2020,1408,486,629,240,1797
2020,1359,487,613,230,1771
2020,1372,486,610,229,1763
2020,1390,477,600,227,1755
2020,1394,487,609,234,1808
2020,1341,484,584,232,1753
2020,1308,463,565,220,1728
2020,1269,443,542,219,1718
2020,1257,439,539,219,1675
2020,1248,437,525,207,1631
2020,1215,444,534,205,1594
2020,1184,417,523,196,1581
2020,1187,393,493,189,1547
2020,1210,400,494,189,1571
2020,1233,396,505,190,1551
2020,1211,410,508,195,1588
2020,1236,404,493,197,1417
2020,1233,417,507,203,1383
2020,1247,413,510,203,1393
2020,1224,420,501,204,1393
2020,1204,415,494,203,1369
2020,1199,417,493,204,1377
2020,1169,396,472,196,1337
2020,1212,391,463,193,1310
2020,1198,407,471,200,1353
2020,1214,396,461,196,1345
2020,1234,404,468,199,1313
2020,1192,402,468,198,1320
2020,1162,388,452,192,1320
2020,1144,383,453,191,1325
2020,1114,381,450,192,1338
2020,1107,373,444,189,1315
2020,1079,369,444,190,1305
2020,1063,355,425,185,1268
2020,1054,357,427,185,1263
2020,1044,363,439,187,1279
2020,1030,349,415,182,1253
2020,1047,336,402,176,1246
2020,1035,352,420,184,1275
2020,1049,354,412,186,1271
2020,1057,351,423,186,1288
2020,1084,370,443,193,1277
2020,1094,369,443,195,1305
2020,1071,375,446,198,1325
2020,1058,372,450,200,1324
2020,1079,364,441,199,1305
2020,1091,371,447,203,1330
2020,1097,371,447,198,1320
2020,1112,368,431,195,1326
2020,1111,376,444,204,1351
2020,1119,373,459,208,1369
2020,1131,373,455,207,1380
2020,1134,383,475,213,1397
2020,1127,392,484,216,1424
2020,1116,391,486,218,1431
2020,1115,395,497,212,1401
2020,1112,410,509,225,1467
2020,1118,392,473,216,1420
2020,1120,389,463,210,1437
2020,1117,386,452,208,1400
2020,1086,380,446,201,1387
2020,1059,371,440,198,1339
2020,1067,368,435,195,1338
2020,1057,374,444,197,1356
2020,1033,370,446,195,1369
2020,1034,360,438,193,1328
2020,1059,361,436,197,1307
2020,1064,368,448,202,1336
2020,1067,367,451,203,1335
2020,1051,367,448,195,1365
2020,1044,364,431,194,1360
2020,1041,358,433,191,1343
2020,1028,359,433,191,1340
2020,1042,352,435,191,1334
2020,1002,351,429,192,1324
2020,1033,343,417,192,1309
2020,1051,347,432,191,1366
2020,1065,345,426,187,1385
2020,1087,351,441,191,1389
2020,1080,352,437,189,1384
2020,1119,359,432,187,1323
2020,1130,382,446,192,1350
2020,1126,392,461,198,1374
2020,1139,381,479,192,1342
2020,1133,379,446,194,1359
2020,1098,363,434,191,1319
2020,1063,354,433,188,1327
2020,1053,345,434,186,1323
2020,1059,346,427,184,1290
2020,1080,346,418,186,1298
2020,1105,354,440,193,1336
2020,1125,360,440,196,1349
2020,1110,370,454,199,1368
2020,1105,369,444,192,1353
2020,1103,376,447,189,1368
2020,1074,362,434,188,1368
2020,1089,361,428,185,1354
2020,1085,363,423,185,1352
2020,1066,364,433,185,1357
2020,1076,351,407,178,1360
2020,1056,343,405,179,1356
2020,1029,349,425,185,1340
2020,1033,351,422,185,1382
2020,1042,348,425,185,1344
2020,1029,376,444,192,1390
2020,1033,368,430,188,1355
2020,1020,364,417,185,1303
2020,979,352,405,180,1303
2020,990,342,390,173,1244
2020,950,343,382,173,1277
2020,983,331,390,174,1249
2020,969,344,408,179,1280
2020,992,341,413,177,1299
2020,987,353,427,188,1332
2020,1016,349,420,184,1304
2020,1033,360,430,187,1337
2020,1002,357,405,188,1338
2020,1022,348,394,174,1334
2020,1001,357,410,175,1387
2020,988,348,410,170,1343
2020,952,339,397,170,1248
2020,945,332,385,161,1224
2020,904,327,391,158,1229
2020,852,319,387,159,1218
2020,839,293,341,151,1153
2020,860,291,337,151,1160
2020,857,304,357,152,1150
2020,831,306,363,153,1160
2020,837,300,355,153,1130
2020,888,299,359,155,1114
2020,894,323,389,166,1178
2020,928,327,402,168,1173
2020,902,338,414,174,1187
2020,916,321,387,167,1157
2020,929,320,380,165,1188
2020,925,338,382,167,1217
2020,946,337,397,171,1200
2020,911,341,389,171,1246
2020,923,331,389,170,1238
2020,1002,338,403,179,1278
2020,977,380,445,191,1357
2020,931,370,439,190,1328
2020,930,360,455,184,1327
2020,938,348,427,181,1304
2020,955,335,404,180,1240
2020,929,353,430,187,1250
2020,922,336,431,189,1152
2020,945,332,421,185,1130
2020,910,361,456,193,1178
2020,880,376,479,193,1186
2020,863,342,423,189,1131
2020,895,327,417,182,1174
2020,925,331,419,184,1251
2020,889,343,420,188,1273
2020,896,319,391,183,1188
2020,814,326,389,186,1198
2020,830,287,325,176,1141
2020,862,311,359,187,1182
2020,832,324,379,197,1296
2020,904,313,368,187,1294
2020,901,340,360,196,1399
2020,857,330,341,193,1373
2020,768,317,327,190,1290
2020,772,297,303,183,1153
2020,883,284,309,182,1098
2020,896,346,428,210,1262
2020,877,339,428,204,1211
2020,975,355,473,215,1172
2020,1000,367,488,215,1323
2020,1070,403,509,223,1384
2020,1021,447,569,242,1470
2020,1114,426,543,213,1465
2020,1107,466,619,245,1589
2020,1135,458,624,253,1578
2020,1151,486,658,271,1631
2020,1149,505,678,289,1651
2020,1182,508,682,285,1608
2020,1180,515,687,290,1626
2020,1178,506,684,287,1599
2020,1199,497,697,303,1620
2020,1199,515,736,322,1683
2020,1200,524,729,328,1667
2020,1210,531,729,327,1676
2020,1217,530,725,323,1678
2020,1227,547,744,328,1686
2020,1213,545,741,320,1701
2020,1217,541,734,318,1691
2020,1219,542,738,314,1691
2020,1241,546,737,319,1681
2020,1249,541,748,327,1690
2020,1241,549,755,320,1715
2020,1240,540,750,324,1677
2020,1242,534,741,319,1669
2020,1240,536,748,321,1653
2020,1245,542,737,322,1674
2020,1230,539,724,311,1690
2020,1193,531,715,306,1698
2020,1199,516,709,298,1676
2020,1226,505,705,303,1648
2020,1226,526,729,318,1692
2020,1236,532,731,311,1628
2020,1223,527,735,316,1640
2020,1213,528,737,315,1626
2020,1245,537,740,316,1618
2020,1245,534,737,324,1643
2020,1241,528,723,323,1606
2020,1244,523,713,316,1586
2020,1255,531,718,314,1625
2020,1278,535,727,314,1618
2020,1288,532,740,318,1698
2020,1284,537,737,323,1702
2020,1290,536,746,324,1676
2020,1286,538,748,328,1677
2020,1283,539,737,331,1691
2020,1271,540,740,332,1685
2020,1257,546,743,330,1665
2020,1261,526,725,320,1655
2020,1241,523,726,318,1671
2020,1268,526,723,319,1653
2020,1287,539,743,334,1657
2020,1279,541,757,339,1672
2020,1272,537,749,334,1674
2021,1479,740,679,460,1796
2021,1462,736,669,452,1755
2021,1454,736,671,454,1764
2021,1461,736,675,461,1775
2021,1451,736,672,458,1773
2021,1439,727,668,457,1748
2021,1444,731,679,462,1776
2021,1445,733,669,456,1762
2021,1442,720,666,446,1737
2021,1426,710,674,449,1743
2021,1473,728,689,468,1794
2021,1500,741,710,481,1861
2021,1500,752,713,485,1867
2021,1502,759,711,489,1840
2021,1511,754,704,488,1873
2021,1523,758,688,495,1897
2021,1527,755,694,489,1916
2021,1554,753,697,492,1920
2021,1526,735,687,477,1937
2021,1504,710,663,465,1885
2021,1514,716,673,473,1914
2021,1526,722,676,477,1964
2021,1505,728,680,475,1953
2021,1494,714,656,461,1962
2021,1501,718,651,465,2020
2021,1490,722,662,471,1964
2021,1526,751,680,491,2035
2021,1518,760,685,493,2011
2021,1516,752,686,493,1983
2021,1515,752,686,486,1955
2021,1539,763,706,504,2024
2021,1531,761,712,498,2053
2021,1548,764,726,495,2083
2021,1557,773,733,507,2097
2021,1553,777,736,511,2075
2021,1548,771,738,510,2054
2021,1555,781,749,524,2076
2021,1572,787,745,529,2097
2021,1600,780,751,523,2119
2021,1594,782,753,530,2057
2021,1581,786,751,528,2038
2021,1607,801,756,522,2077
2021,1605,804,752,516,2077
2021,1583,802,742,502,2031
2021,1594,799,758,501,2099
2021,1643,835,788,519,2188
2021,1653,829,842,513,2211
2021,1657,842,845,507,2155
2021,1681,759,817,503,2171
2021,1676,756,808,503,2144
2021,1674,746,805,500,2015
2021,1689,747,802,488,2035
2021,1670,745,813,498,2012
2021,1687,727,802,491,2018
2021,1639,710,795,482,2009
2021,1630,709,797,483,1995
2021,1634,713,787,469,1975
2021,1603,703,782,458,1936
2021,1611,702,777,458,1952
2021,1615,690,779,457,1956
2021,1595,697,783,465,1982
2021,1586,700,779,463,1991
2021,1583,692,768,452,1994
2021,1595,701,767,453,2006
2021,1594,710,782,460,2030
2021,1615,717,789,445,2068
2021,1625,730,797,447,2033
2021,1602,723,798,441,2028
2021,1570,717,812,450,2024
2021,1534,703,788,439,1986
2021,1552,712,795,439,2011
2021,1560,710,796,437,2001
2021,1582,720,807,454,2008
2021,1560,727,803,464,1907
2021,1547,714,791,444,1872
2021,1549,707,794,433,1868
2021,1556,707,788,433,1840
2021,1569,720,790,432,1818
2021,1576,721,795,431,1815
2021,1569,717,788,429,1765
2021,1566,721,801,431,1775
2021,1576,724,798,431,1792
2021,1589,725,803,430,1776
2021,1579,720,799,430,1747
2021,1581,719,787,426,1754
2021,1568,714,784,423,1736
2021,1548,700,752,412,1714
2021,1555,699,746,411,1698
2021,1557,691,739,416,1697
2021,1559,694,746,418,1705
2021,1525,683,736,410,1717
2021,1515,681,740,407,1704
2021,1513,688,754,420,1750
2021,1515,701,757,422,1788
2021,1531,703,762,425,1782
2021,1526,705,760,431,1788
2021,1501,701,757,427,1788
2021,1495,694,761,428,1781
2021,1508,701,762,426,1813
2021,1504,703,756,433,1781
2021,1493,698,741,436,1777
2021,1485,702,749,442,1772
2021,1465,715,754,457,1750
2021,1435,690,739,447,1686
2021,1423,681,721,435,1665
2021,1426,683,709,432,1655
2021,1418,688,717,442,1642
2021,1417,685,723,426,1653
2021,1440,677,732,430,1698
2021,1435,677,756,423,1741
2021,1443,677,755,429,1723
2021,1449,656,747,422,1707
2021,1443,642,746,421,1703
2021,1471,656,755,428,1723
2021,1522,660,771,430,1750
2021,1521,667,774,432,1750
2021,1499,664,770,431,1748
2021,1502,665,771,429,1747
2021,1487,646,754,427,1732
2021,1502,639,747,424,1720
2021,1520,642,754,424,1732
2021,1540,654,763,433,1762
2021,1535,650,758,430,1755
2021,1495,648,760,433,1731
2021,1480,640,751,424,1715
2021,1487,631,746,420,1716
2021,1498,631,748,419,1706
2021,1502,640,752,422,1706
2021,1508,650,762,427,1733
2021,1515,649,761,429,1735
2021,1506,634,739,417,1738
2021,1486,625,732,419,1737
2021,1484,631,739,419,1757
2021,1489,631,740,420,1772
2021,1480,630,736,413,1760
2021,1466,633,739,420,1766
2021,1485,640,750,426,1761
2021,1490,645,751,430,1771
2021,1479,635,736,430,1768
2021,1486,636,738,430,1794
2021,1481,640,744,432,1800
2021,1480,636,737,421,1783
2021,1483,642,746,427,1794
2021,1500,648,751,432,1815
2021,1501,643,742,434,1811
2021,1521,650,751,440,1814
2021,1504,648,737,437,1783
2021,1512,650,745,433,1797
2021,1516,663,751,424,1808
2021,1503,643,740,422,1801
2021,1483,652,750,425,1777
2021,1477,653,735,414,1741
2021,1479,650,732,412,1751
2021,1510,647,741,412,1757
2021,1497,642,731,401,1758
2021,1433,619,706,385,1708
2021,1458,625,717,384,1731
2021,1477,633,712,382,1755
2021,1440,624,709,383,1744
2021,1387,597,685,360,1707
2021,1400,595,691,368,1719
2021,1404,610,707,365,1755
2021,1420,613,715,362,1809
2021,1415,607,717,358,1780
2021,1401,608,716,356,1788
2021,1403,603,717,355,1771
2021,1388,592,700,352,1733
2021,1414,597,703,351,1725
2021,1412,601,715,354,1749
2021,1473,621,719,359,1805
2021,1477,621,708,363,1811
2021,1439,599,700,353,1750
2021,1405,591,700,344,1760
2021,1414,570,671,336,1734
2021,1423,579,659,337,1736
2021,1391,559,652,330,1698
2021,1412,560,648,331,1701
2021,1429,567,669,340,1764
2021,1430,575,669,343,1773
2021,1400,561,661,341,1776
2021,1367,539,636,329,1743
2021,1422,566,668,353,1799
2021,1433,577,682,356,1783
2021,1447,578,688,359,1792
2021,1440,566,678,351,1768
2021,1450,571,685,354,1759
2021,1487,594,713,371,1805
2021,1494,582,697,364,1753
2021,1554,591,695,361,1781
2021,1491,579,698,357,1771
2021,1463,572,695,355,1763
2021,1479,568,706,360,1782
2021,1500,586,731,373,1813
2021,1469,573,716,367,1823
2021,1498,587,726,371,1834
2021,1491,579,719,367,1830
2021,1495,590,728,368,1868
2021,1512,595,738,379,1903
2021,1529,604,744,384,1919
2021,1552,613,751,381,1935
2021,1556,626,761,388,1964
2021,1563,625,745,388,1979
2021,1520,608,743,390,1916
2021,1530,609,731,384,1923
2021,1552,621,737,396,1898
2021,1587,632,754,405,1900
2021,1568,611,731,394,1845
2021,1559,608,729,395,1845
2021,1534,598,725,390,1780
2021,1606,628,771,407,1896
2021,1606,641,749,406,1911
2021,1529,616,716,396,1873
2021,1548,610,719,390,1950
2021,1539,624,750,400,1939
2021,1554,645,777,415,1945
2021,1587,657,778,412,1989
2021,1627,658,775,402,2020
2021,1617,674,794,407,1986
2021,1582,648,750,393,1951
2021,1572,631,740,390,1961
2021,1582,632,735,392,1952
2021,1612,633,743,395,1949
2021,1605,630,736,397,1957
2021,1598,614,720,393,1983
2021,1579,628,744,355,1910
2021,1575,622,734,336,1852
2021,1561,617,714,333,1861
2021,1477,604,709,311,1802
2021,1391,537,663,282,1713
2021,1371,528,671,282,1723
2021,1410,522,632,276,1765
2021,1463,538,658,281,1794
2021,1444,534,645,284,1828
2021,1475,553,676,295,1858
2021,1492,551,676,303,1884
2021,1504,546,669,299,1887
2021,1483,533,657,294,1847
2021,1467,543,675,304,1864
2021,1469,553,676,307,1893
2021,1471,557,688,307,1882
2021,1481,548,676,293,1903
2021,1451,545,667,283,1938
2021,1432,542,673,286,1971
2021,1416,541,671,288,1952
2021,1421,547,654,285,1970
2021,1427,537,664,282,1960
2021,1416,532,625,281,1966
2021,1425,528,624,279,1994
2022,1628,891,934,614,1827
2022,1641,908,935,612,1819
2022,1630,899,925,601,1820
2022,1631,901,932,602,1821
2022,1629,893,929,597,1814
2022,1598,879,907,574,1822
2022,1612,891,920,593,1826
2022,1618,892,932,593,1815
2022,1633,910,950,604,1847
2022,1645,906,946,604,1858
2022,1640,902,935,603,1841
2022,1632,909,938,616,1863
2022,1662,922,942,626,1873
2022,1648,933,945,617,1869
2022,1644,930,939,613,1866
2022,1631,930,934,617,1888
2022,1620,932,939,612,1897
2022,1610,922,915,607,1911
2022,1611,923,905,609,1935
2022,1613,934,899,617,1938
2022,1607,931,905,608,1931
2022,1620,940,904,608,1934
2022,1608,953,901,602,1947
2022,1598,947,893,609,1926
2022,1600,937,892,609,1928
2022,1618,930,888,607,1928
2022,1625,939,879,609,1945
2022,1599,927,875,608,1953
2022,1595,924,870,599,1940
2022,1597,921,870,598,1944
2022,1614,920,859,603,1960
2022,1618,920,858,599,1951
2022,1633,914,855,600,1966
2022,1619,912,859,601,1912
2022,1615,895,851,593,1923
2022,1611,907,851,601,1899
2022,1525,911,844,606,1912
2022,1508,911,874,616,1893
2022,1509,918,873,614,1883
2022,1497,905,868,594,1900
2022,1508,909,864,585,1900
2022,1514,905,864,574,1910
2022,1513,909,872,577,1909
2022,1497,909,906,574,1902
2022,1459,908,903,571,1884
2022,1454,924,915,580,1865
2022,1451,925,903,579,1847
2022,1461,926,909,571,1896
2022,1439,907,900,561,1903
2022,1449,889,826,555,1864
2022,1459,892,830,553,1869
2022,1444,897,816,562,1860
2022,1447,885,814,544,1858
2022,1439,870,801,527,1834
2022,1394,854,802,521,1802
2022,1410,868,809,534,1810
2022,1401,871,786,527,1788
2022,1415,882,777,531,1808
2022,1431,883,756,530,1825
2022,1437,885,755,537,1819
2022,1453,868,743,533,1822
2022,1413,848,723,520,1784
2022,1421,862,733,531,1819
2022,1382,844,719,522,1765
2022,1390,850,716,525,1793
2022,1414,853,738,537,1799
2022,1427,861,743,543,1829
2022,1446,882,769,551,1863
2022,1486,903,789,567,1893
2022,1518,915,807,570,1919
2022,1521,917,813,574,1940
2022,1503,899,798,572,1930
2022,1493,909,789,562,1930
2022,1521,918,790,572,1934
2022,1529,918,803,572,1955
2022,1513,910,806,558,1923
2022,1494,907,801,555,1924
2022,1499,901,785,553,1926
2022,1498,899,780,545,1930
2022,1482,876,755,533,1908
2022,1489,884,750,538,1916
2022,1495,882,756,539,1938
2022,1486,872,750,537,1919
2022,1472,874,744,533,1903
2022,1486,887,752,531,1915
2022,1439,856,729,515,1850
2022,1465,871,745,524,1902
2022,1465,872,743,520,1869
2022,1473,873,750,519,1868
2022,1466,864,747,522,1856
2022,1470,852,742,511,1832
2022,1493,870,758,520,1877
2022,1512,885,765,532,1905
2022,1510,883,772,528,1840
2022,1502,879,765,526,1846
2022,1485,874,761,531,1841
2022,1486,860,759,525,1854
2022,1466,849,739,515,1828
2022,1462,837,746,520,1845
2022,1427,838,729,531,1834
2022,1432,820,722,533,1836
2022,1434,825,731,541,1851
2022,1430,818,730,542,1885
2022,1446,823,731,534,1856
2022,1434,819,725,528,1810
2022,1417,815,726,532,1829
2022,1404,801,719,528,1754
2022,1394,796,706,514,1762
2022,1397,801,727,518,1796
2022,1393,800,731,514,1827
2022,1361,786,716,512,1801
2022,1365,783,706,509,1828
2022,1348,781,701,498,1835
2022,1348,772,685,490,1846
2022,1362,751,662,479,1788
2022,1351,752,668,479,1770
2022,1358,753,680,487,1742
2022,1392,760,676,485,1719
2022,1406,770,680,488,1741
2022,1397,756,669,489,1745
2022,1396,742,658,487,1739
2022,1371,726,658,480,1705
2022,1353,719,649,472,1663
2022,1356,720,654,473,1671
2022,1354,704,644,467,1668
2022,1348,707,637,466,1661
2022,1344,703,626,459,1642
2022,1346,710,642,464,1669
2022,1356,717,637,461,1692
2022,1354,713,634,454,1698
2022,1335,699,629,451,1684
2022,1330,687,627,448,1670
2022,1337,696,637,451,1682
2022,1322,686,628,435,1679
2022,1290,687,635,441,1674
2022,1281,679,635,442,1676
2022,1307,687,651,451,1737
2022,1312,686,651,448,1740
2022,1327,688,649,446,1737
2022,1351,720,661,462,1792
2022,1378,733,661,467,1865
2022,1367,730,659,471,1846
2022,1363,735,666,463,1858
2022,1378,747,672,464,1869
2022,1380,744,677,465,1859
2022,1385,750,692,470,1858
2022,1395,753,686,468,1865
2022,1389,753,685,468,1847
2022,1402,749,694,475,1903
2022,1392,740,688,469,1946
2022,1367,729,683,469,1909
2022,1329,713,665,454,1908
2022,1319,708,664,462,1883
2022,1304,711,675,461,1854
2022,1321,710,673,462,1829
2022,1287,690,650,448,1783
2022,1314,707,659,458,1847
2022,1314,710,655,467,1840
2022,1305,683,639,455,1813
2022,1291,677,636,445,1780
2022,1303,696,650,463,1761
2022,1349,714,672,477,1810
2022,1341,711,660,475,1797
2022,1320,710,664,476,1768
2022,1318,719,673,484,1775
2022,1353,729,702,480,1798
2022,1356,724,707,480,1776
2022,1404,741,727,491,1774
2022,1385,743,729,496,1791
2022,1371,747,780,508,1766
2022,1373,737,766,497,1742
2022,1372,754,775,506,1743
2022,1366,752,781,495,1729
2022,1356,748,781,501,1728
2022,1374,762,802,516,1761
2022,1354,756,795,509,1721
2022,1342,766,798,512,1708
2022,1395,758,799,510,1750
2022,1465,762,793,518,1780
2022,1494,764,798,513,1802
2022,1496,760,786,515,1783
2022,1515,754,795,516,1785
2022,1517,749,792,515,1766
2022,1551,742,774,514,1779
2022,1608,742,783,509,1802
2022,1657,747,784,512,1836
2022,1506,736,775,508,1777
2022,1470,730,761,494,1754
2022,1477,731,750,494,1763
2022,1452,715,738,495,1730
2022,1433,710,736,498,1725
2022,1431,699,721,491,1722
2022,1443,704,722,487,1714
2022,1479,718,727,491,1770
2022,1494,718,731,494,1808
2022,1487,711,726,491,1777
2022,1480,720,739,502,1820
2022,1448,708,724,493,1761
2022,1424,697,698,486,1734
2022,1443,696,710,485,1789
2022,1397,678,691,470,1763
2022,1393,677,695,469,1754
2022,1371,667,674,452,1739
2022,1328,665,670,440,1723
2022,1325,654,668,440,1712
2022,1367,688,715,462,1752
2022,1371,698,738,467,1792
2022,1374,715,750,474,1806
2022,1426,743,742,483,1843
2022,1456,730,758,483,1857
2022,1419,707,730,473,1795
2022,1501,745,777,499,1886
2022,1511,751,779,498,1842
2022,1522,754,789,512,1827
2022,1512,749,787,515,1827
2022,1507,750,783,513,1817
2022,1516,764,797,517,1830
2022,1518,776,797,525,1813
2022,1474,754,773,501,1747
2022,1519,791,804,530,1828
2022,1525,806,810,541,1867
2022,1498,803,804,535,1835
2022,1462,793,799,531,1818
2022,1468,786,790,533,1828
2022,1524,805,799,530,1884
2022,1515,809,800,540,1909
2022,1531,814,804,540,1943
2022,1497,810,782,532,1882
2022,1486,789,773,538,1857
2022,1463,781,765,523,1898
2022,1475,795,774,529,1889
2022,1488,802,752,515,1855
2022,1487,798,705,494,1831
2022,1522,805,713,503,1894
2022,1509,810,729,511,1893
2022,1518,809,730,516,1906
2022,1529,823,725,507,1942
2022,1522,819,713,514,1937
2022,1545,820,722,508,1938
2022,1528,825,741,511,1926
2022,1557,824,747,510,1957
2022,1566,811,743,506,1937
2022,1559,811,743,504,1948
2022,1551,793,731,491,1904
2022,1540,785,730,492,1892
2022,1565,788,727,492,1922
2022,1529,773,709,484,1853
2022,1520,765,696,471,1824
2023,1709,997,1102,642,1908
2023,1705,1006,1108,651,1921
2023,1703,1002,1106,649,1902
2023,1682,995,1094,638,1887
2023,1671,994,1088,637,1861
2023,1687,1004,1095,644,1853
2023,1657,1007,1110,636,1827
2023,1653,1015,1120,655,1847
2023,1656,1021,1111,649,1847
2023,1657,1037,1120,648,1851
2023,1650,1034,1120,624,1854
2023,1631,1014,1115,620,1826
2023,1635,1016,1131,612,1824
2023,1651,1017,1117,614,1844
2023,1653,1011,1131,614,1838
2023,1630,999,1118,612,1827
2023,1628,1003,1121,608,1821
2023,1624,1013,1132,608,1828
2023,1609,991,1126,595,1819
2023,1555,947,1105,572,1751
2023,1559,935,1074,565,1755
2023,1559,940,1060,569,1753
2023,1529,926,1021,564,1742
2023,1532,929,1009,560,1744
2023,1521,923,999,560,1739
2023,1513,923,998,559,1746
2023,1518,926,992,562,1767
2023,1505,921,989,564,1771
2023,1505,922,994,563,1765
2023,1508,936,1026,585,1773
2023,1504,941,1041,585,1770
2023,1489,934,1025,581,1748
2023,1499,942,1030,581,1753
2023,1492,939,1029,580,1745
2023,1486,937,1022,578,1745
2023,1492,936,1022,580,1746
2023,1487,948,1021,580,1751
2023,1495,945,1009,574,1740
2023,1484,934,989,578,1733
2023,1477,920,983,572,1738
2023,1475,914,972,566,1724
2023,1477,915,982,566,1739
2023,1485,925,989,565,1718
2023,1469,913,1003,561,1703
2023,1463,909,972,547,1695
2023,1497,916,955,556,1728
2023,1506,930,964,553,1741
2023,1523,933,980,563,1770
2023,1515,936,991,571,1738
2023,1520,944,993,573,1753
2023,1541,954,1008,576,1772
2023,1530,951,1005,576,1750
2023,1536,951,994,576,1762
2023,1550,954,1018,586,1764
2023,1540,953,1019,588,1771
2023,1525,951,1012,592,1756
2023,1516,939,996,585,1719
2023,1534,945,1001,594,1744
2023,1536,941,1003,592,1734
2023,1530,930,996,586,1722
2023,1508,940,1041,603,1727
2023,1526,952,1037,599,1736
2023,1524,943,1031,590,1733
2023,1527,943,1025,590,1765
2023,1538,949,1014,594,1764
2023,1531,956,1019,594,1784
2023,1530,950,1018,598,1756
2023,1553,959,1014,588,1756
2023,1564,987,1027,601,1789
2023,1629,990,1025,604,1798
2023,1662,992,1027,599,1814
2023,1643,988,1021,597,1822
2023,1644,990,1014,596,1825
2023,1637,991,1001,588,1811
2023,1632,978,1000,592,1808
2023,1623,971,980,583,1793
2023,1611,966,978,579,1789
2023,1596,958,965,571,1770
2023,1575,968,981,573,1771
2023,1585,967,982,576,1762
2023,1575,969,991,570,1771
2023,1571,959,974,561,1759
2023,1579,959,983,567,1775
2023,1590,968,981,575,1783
2023,1578,971,990,573,1790
2023,1562,970,983,570,1779
2023,1579,969,981,577,1781
2023,1587,967,979,577,1780
2023,1583,952,957,569,1763
2023,1590,955,953,572,1760
2023,1591,951,943,573,1751
2023,1597,952,937,572,1766
2023,1606,957,933,565,1786
2023,1611,960,940,561,1794
2023,1619,953,937,574,1791
2023,1636,964,940,574,1801
2023,1651,973,950,574,1832
2023,1650,980,953,573,1828
2023,1651,976,947,568,1832
2023,1652,971,952,573,1839
2023,1629,965,936,591,1823
2023,1641,987,945,598,1824
2023,1662,995,960,612,1850
2023,1651,998,954,620,1857
2023,1644,996,950,616,1877
2023,1673,990,960,617,1874
2023,1691,996,977,615,1895
2023,1697,995,963,610,1876
2023,1678,992,972,618,1897
2023,1676,997,971,615,1970
2023,1689,996,978,610,1957
2023,1685,973,964,601,1907
2023,1678,975,964,592,1891
2023,1679,969,965,601,1897
2023,1645,960,957,584,1869
2023,1641,956,960,586,1870
2023,1633,944,950,589,1878
2023,1648,945,953,589,1867
2023,1656,948,964,593,1867
2023,1660,946,977,594,1854
2023,1675,959,981,593,1877
2023,1673,958,967,591,1865
2023,1728,945,971,589,1862
2023,1720,943,982,585,1844
2023,1701,935,987,573,1847
2023,1676,937,978,570,1841
2023,1659,936,973,566,1845
2023,1636,927,961,557,1823
2023,1644,924,958,555,1829
2023,1644,926,967,563,1836
2023,1636,925,966,566,1846
2023,1608,926,975,567,1844
2023,1604,923,966,569,1825
2023,1603,934,982,571,1857
2023,1582,927,977,567,1834
2023,1602,940,978,577,1865
2023,1604,944,986,576,1856
2023,1601,936,974,579,1879
2023,1611,938,975,579,1872
2023,1609,938,962,589,1887
2023,1608,940,977,589,1939
2023,1599,942,968,585,1959
2023,1604,947,951,587,1925
2023,1607,938,926,587,1939
2023,1604,936,920,583,1930
2023,1611,949,915,580,2014
2023,1637,950,937,593,1975
2023,1636,948,930,595,1953
2023,1616,951,927,586,1945
2023,1610,940,921,581,1930
2023,1616,941,918,583,1910
2023,1637,953,916,582,1922
2023,1641,950,918,577,1940
2023,1647,954,924,575,1942
2023,1645,947,915,574,1927
2023,1638,939,915,586,1909
2023,1647,946,918,586,1947
2023,1676,946,916,582,1973
2023,1668,944,911,578,1961
2023,1653,939,896,573,1958
2023,1652,936,890,572,1959
2023,1645,934,888,574,1954
2023,1644,938,878,584,1959
2023,1626,927,865,577,1929
2023,1728,922,866,580,1948
2023,1693,923,860,571,1931
2023,1687,922,871,575,1921
2023,1688,918,860,578,1938
2023,1681,918,881,565,1909
2023,1672,915,888,566,1879
2023,1664,913,878,562,1889
2023,1688,905,882,555,1897
2023,1675,886,864,543,1894
2023,1672,894,869,545,1884
2023,1666,892,873,540,1885
2023,1660,897,863,546,1888
2023,1667,901,865,544,1895
2023,1692,899,864,533,1870
2023,1685,890,851,528,1844
2023,1663,882,853,532,1847
2023,1658,868,847,526,1759
2023,1666,875,852,528,1757
2023,1654,885,861,523,1752
2023,1611,884,865,527,1746
2023,1610,877,859,524,1733
2023,1588,851,843,517,1721
2023,1580,855,832,508,1699
2023,1567,849,833,510,1705
2023,1561,852,840,505,1692
2023,1563,855,849,513,1680
2023,1576,860,850,522,1705
2023,1579,852,856,522,1707
2023,1562,836,838,519,1700
2023,1573,836,837,530,1693
2023,1552,824,831,525,1664
2023,1542,826,824,518,1666
2023,1564,830,833,525,1648
2023,1569,828,832,530,1674
2023,1589,843,852,547,1699
2023,1631,856,868,559,1717
2023,1631,872,861,565,1740
2023,1627,868,860,562,1751
2023,1616,869,853,561,1751
2023,1584,854,845,534,1722
2023,1598,856,865,537,1745
2023,1600,855,844,523,1729
2023,1593,856,854,528,1726
2023,1589,840,851,521,1697
2023,1603,840,844,521,1707
2023,1614,839,833,516,1701
2023,1647,854,844,523,1730
2023,1640,852,847,525,1737
2023,1656,863,855,531,1759
2023,1664,869,865,540,1788
2023,1670,871,868,542,1786
2023,1674,865,871,541,1770
2023,1658,851,859,538,1774
2023,1657,854,867,553,1772
2023,1651,861,868,551,1771
2023,1654,859,872,550,1766
2023,1654,853,879,547,1775
2023,1652,854,883,545,1747
2023,1659,864,883,544,1780
2023,1603,858,868,528,1762
2023,1628,848,857,527,1745
2023,1604,832,872,554,1731
2023,1614,824,872,538,1726
2023,1616,817,874,540,1713
2023,1649,855,892,569,1750
2023,1696,871,910,594,1760
2023,1673,872,933,600,1784
2023,1661,870,931,592,1763
2023,1644,866,929,590,1767
2023,1637,870,924,591,1799
2023,1609,865,918,593,1798
2023,1585,865,913,603,1785
2023,1601,873,934,600,1780
2023,1599,861,936,595,1780
2023,1591,866,950,597,1802
2023,1568,861,952,595,1796
2023,1598,873,959,608,1812
2023,1594,870,940,601,1787
2023,1600,879,950,605,1820
2023,1610,899,957,605,1821
2023,1639,901,962,612,1833
2023,1629,902,942,612,1825
2024,1641,1004,1120,634,1833
2024,1649,991,1126,620,1823
2024,1656,993,1107,622,1821
2024,1651,980,1117,625,1827
2024,1663,982,1122,627,1826
2024,1682,994,1137,642,1848
2024,1691,987,1123,643,1864
2024,1673,984,1099,643,1866
2024,1699,982,1093,639,1865
2024,1698,999,1098,641,1909
