Date,TCS,Infosys,HCL,Wirpo
2013,1086,436,316,210
2013,1078,438,312,207
2013,1080,445,312,208
2013,1050,440,311,206
2013,1055,436,309,203
2013,1055,434,310,207
2013,1060,444,309,206
2013,1041,439,309,198
2013,1028,432,299,196
2013,1023,432,293,194
2013,1010,432,296,197
2013,1001,422,295,195
2013,1014,420,295,191
2013,1029,422,294,194
2013,1041,421,289,194
2013,1002,417,286,190
2013,1000,416,282,185
2013,994,419,277,185
2013,1000,421,279,184
2013,1010,419,280,181
2013,1007,417,283,180
2013,1002,419,272,177
2013,992,416,266,177
2013,993,412,265,176
2013,997,415,265,178
2013,1007,416,263,180
2013,1000,418,263,179
2013,993,418,265,179
2013,1012,425,272,181
2013,1015,430,276,183
2013,1022,426,274,185
2013,1013,419,271,182
2013,1025,417,274,181
2013,1044,417,274,181
2013,1047,420,276,181
2013,1045,420,279,181
2013,1061,420,276,181
2013,1046,413,271,181
2013,1021,408,275,180
2013,1050,410,275,182
2013,1049,410,276,181
2013,1056,414,274,179
2013,1046,415,271,179
2013,1035,417,270,182
2013,1032,415,266,181
2013,1034,416,270,180
2013,1004,414,264,177
2013,1031,416,277,185
2013,1045,418,277,193
2013,1036,417,271,190
2013,1060,414,276,190
2013,1054,409,271,186
2013,1108,419,290,191
2013,1106,416,290,188
2013,1061,409,289,183
2013,1040,391,279,180
2013,1045,389,278,179
2013,1031,379,277,181
2013,1045,378,280,181
2013,1017,377,274,181
2013,1012,380,276,182
2013,975,377,268,177
2013,964,377,272,177
2013,974,376,268,178
2013,971,377,263,179
2013,980,376,266,178
2013,970,377,268,179
2013,978,377,273,181
2013,975,374,265,178
2013,983,377,256,177
2013,977,377,257,180
2013,974,378,259,178
2013,951,374,249,169
2013,977,379,261,171
2013,984,383,269,177
2013,997,390,267,178
2013,994,395,266,177
2013,994,379,254,176
2013,995,376,255,176
2013,1035,389,260,180
2013,1001,379,256,180
2013,1028,386,260,182
2013,1017,388,260,181
2013,974,388,254,178
2013,954,390,245,177
2013,919,382,237,171
2013,921,379,236,172
2013,915,375,237,168
2013,889,378,226,167
2013,859,370,221,166
2013,868,376,225,168
2013,889,376,233,171
2013,890,372,230,171
2013,917,384,230,173
2013,910,385,235,175
2013,907,376,233,171
2013,923,371,226,168
2013,911,370,227,169
2013,935,373,236,169
2013,934,376,237,168
2013,923,376,234,165
2013,908,372,233,164
2013,908,371,234,164
2013,896,369,226,157
2013,890,365,224,153
2013,887,364,226,143
2013,898,364,226,141
2013,891,364,225,147
2013,875,363,225,144
2013,873,360,223,147
2013,871,356,223,147
2013,830,350,215,145
2013,839,344,219,145
2013,825,341,219,141
2013,821,343,219,143
2013,805,351,216,141
2013,782,316,210,137
2013,756,313,210,137
2013,752,312,206,135
2013,753,309,205,133
2013,765,307,199,132
2013,769,309,200,131
2013,745,301,192,129
2013,750,300,192,132
2013,746,306,190,132
2013,759,312,194,131
2013,746,310,199,130
2013,719,300,192,131
2013,696,297,188,129
2013,705,298,190,130
2013,711,302,190,131
2013,702,296,190,130
2013,714,305,195,129
2013,722,306,195,128
2013,726,303,194,127
2013,725,299,191,127
2013,723,297,189,128
2013,734,303,191,129
2013,751,309,189,129
2013,763,311,188,129
2013,759,306,186,126
2013,735,304,187,124
2013,734,308,182,122
2013,733,312,184,124
2013,735,314,186,122
2013,749,301,186,123
2013,750,293,186,126
2013,749,294,187,127
2013,757,296,186,128
2013,749,297,185,128
2013,735,293,184,126
2013,746,295,184,126
2013,749,298,186,128
2013,746,300,184,127
2013,736,297,182,127
2013,737,294,180,129
2013,727,292,185,130
2013,736,295,186,130
2013,729,294,186,130
2013,726,292,190,130
2013,745,295,193,133
2013,748,296,194,133
2013,749,295,193,133
2013,740,294,188,132
2013,736,294,188,132
2013,734,293,188,134
2013,709,288,188,133
2013,717,286,184,132
2013,689,279,180,131
2013,685,279,175,128
2013,685,277,171,124
2013,701,278,180,126
2013,715,283,183,129
2013,713,281,180,127
2013,726,287,184,138
2013,728,285,188,140
2013,742,287,191,143
2013,736,292,191,142
2014,1279,493,399,208
2014,1265,492,397,207
2014,1261,489,395,206
2014,1253,488,391,205
2014,1240,483,385,205
2014,1258,493,384,207
2014,1257,500,397,208
2014,1255,500,397,206
2014,1230,491,389,202
2014,1222,485,385,201
2014,1222,485,390,201
2014,1179,481,371,203
2014,1225,485,378,204
2014,1246,480,388,205
2014,1254,491,393,207
2014,1257,491,390,209
2014,1256,493,390,213
2014,1289,518,399,217
2014,1319,525,406,222
2014,1318,531,414,223
2014,1329,532,410,222
2014,1346,544,418,222
2014,1322,545,416,220
2014,1327,546,416,218
2014,1314,538,408,217
2014,1318,538,414,218
2014,1329,534,418,217
2014,1311,518,411,215
2014,1303,528,412,214
2014,1287,522,408,212
2014,1293,523,400,212
2014,1309,527,405,212
2014,1303,524,403,211
2014,1294,522,410,210
2014,1296,513,400,209
2014,1290,516,404,209
2014,1285,521,404,210
2014,1286,521,405,208
2014,1300,516,401,210
2014,1295,511,393,212
2014,1304,506,402,211
2014,1279,493,394,210
2014,1253,485,378,209
2014,1239,474,375,208
2014,1229,475,374,208
2014,1233,476,381,210
2014,1226,475,378,219
2014,1217,472,376,215
2014,1212,477,374,209
2014,1221,481,376,212
2014,1339,483,414,215
2014,1350,490,431,218
2014,1358,493,439,219
2014,1339,486,434,219
2014,1353,456,424,220
2014,1342,456,418,223
2014,1366,479,432,232
2014,1388,481,435,231
2014,1368,468,429,224
2014,1384,469,427,222
2014,1342,460,429,221
2014,1354,461,427,218
2014,1322,456,427,222
2014,1344,451,431,219
2014,1361,456,425,218
2014,1357,463,418,221
2014,1321,462,409,218
2014,1296,468,407,213
2014,1275,456,401,210
2014,1279,455,402,213
2014,1304,459,405,216
2014,1299,461,409,215
2014,1300,458,409,218
2014,1316,467,410,221
2014,1321,473,417,222
2014,1299,466,416,218
2014,1292,464,415,216
2014,1303,467,415,216
2014,1269,452,412,210
2014,1269,450,409,212
2014,1261,450,408,212
2014,1275,454,412,209
2014,1267,453,400,207
2014,1261,453,399,208
2014,1232,450,399,209
2014,1216,444,389,207
2014,1218,444,390,207
2014,1219,443,385,205
2014,1244,445,381,205
2014,1250,452,385,205
2014,1250,451,390,206
2014,1236,447,379,204
2014,1234,447,379,204
2014,1239,435,383,206
2014,1235,438,380,207
2014,1253,447,387,207
2014,1262,439,386,206
2014,1263,433,389,206
2014,1258,418,379,201
2014,1290,421,389,204
2014,1298,422,399,207
2014,1295,421,404,209
2014,1303,419,396,207
2014,1298,423,396,216
2014,1293,419,386,214
2014,1266,404,382,210
2014,1232,400,377,204
2014,1221,406,375,205
2014,1191,405,367,202
2014,1201,404,367,201
2014,1200,403,366,201
2014,1213,403,362,202
2014,1197,416,375,207
2014,1176,412,368,204
2014,1199,414,368,204
2014,1225,418,370,206
2014,1244,418,377,209
2014,1205,406,370,205
2014,1209,401,367,208
2014,1201,402,370,203
2014,1195,403,374,202
2014,1213,407,375,205
2014,1200,403,370,205
2014,1154,398,359,201
2014,1155,401,355,198
2014,1155,400,354,199
2014,1134,404,355,199
2014,1146,415,361,201
2014,1138,414,365,201
2014,1114,405,359,199
2014,1140,406,364,201
2014,1135,406,356,201
2014,1107,398,360,199
2014,1119,397,352,200
2014,1103,399,351,198
2014,1079,384,350,197
2014,1057,373,342,192
2014,1042,375,332,191
2014,1052,380,333,188
2014,1045,373,327,185
2014,1064,377,337,185
2014,1065,374,346,187
2014,1071,367,355,190
2014,1080,366,350,187
2014,1075,397,360,193
2014,1066,392,346,191
2014,1077,387,347,190
2014,1064,384,335,184
2014,1056,389,331,181
2014,1041,395,334,185
2014,1034,390,327,185
2014,1018,377,327,181
2014,1080,397,341,189
2014,1097,409,351,194
2014,1108,407,353,197
2014,1105,408,358,198
2014,1080,397,349,192
2014,1080,389,343,193
2014,1081,383,335,192
2014,1083,383,330,190
2014,1099,396,346,193
2014,1107,397,345,195
2014,1104,402,356,198
2014,1095,398,351,196
2014,1097,397,354,197
2014,1096,397,355,199
2014,1103,397,362,195
2014,1107,397,360,197
2014,1111,394,363,199
2014,1111,398,360,205
2014,1111,399,356,220
2014,1098,395,353,215
2014,1126,407,356,221
2014,1082,404,350,213
2014,1063,400,339,210
2014,1070,407,345,208
2014,1077,412,352,209
2014,1069,415,349,208
2014,1083,417,356,210
2014,1086,415,356,212
2014,1088,414,355,210
2014,1067,410,348,204
2014,1051,408,351,207
2014,1047,404,347,208
2014,1047,406,349,205
2014,1073,407,349,206
2014,1076,409,354,211
2014,1064,412,360,214
2014,1064,413,357,213
2014,1054,413,352,207
2014,1020,409,351,204
2014,1061,419,353,203
2014,1070,424,354,205
2014,1075,420,365,211
2014,1090,459,365,213
2014,1076,459,364,210
2014,1071,459,360,209
2014,1114,468,372,212
2014,1120,479,373,219
2014,1126,478,366,221
2014,1120,475,370,221
2014,1120,475,376,220
2014,1138,478,394,224
2014,1091,476,393,226
2014,1094,473,387,224
2014,1089,469,383,217
2014,1103,469,385,214
2014,1095,464,368,212
2014,1099,469,374,212
2014,1083,460,372,209
2014,1083,457,376,210
2014,1084,456,374,211
2014,1067,448,372,208
2014,1053,450,373,211
2014,1051,450,368,211
2014,1047,447,354,211
2014,1072,446,350,211
2014,1088,445,352,213
2014,1097,448,348,210
2014,1076,445,350,208
2014,1097,454,363,212
2014,1121,463,366,216
2014,1109,463,359,214
2014,1105,465,356,214
2014,1106,459,353,213
2014,1115,467,356,214
2014,1124,470,353,215
2014,1126,474,353,217
2014,1137,471,361,217
2014,1140,470,360,214
2014,1169,469,358,215
2014,1107,466,345,207
2014,1175,466,348,214
2014,1177,464,333,210
2014,1163,461,330,208
2014,1184,458,336,211
2014,1140,444,325,208
2014,1121,431,321,203
2014,1116,429,312,205
2014,1103,432,314,206
2014,1120,440,313,209
2014,1111,446,315,209
2014,1084,435,313,207
2014,1077,434,315,207
2015,1218,553,428,210
2015,1209,543,420,209
2015,1228,552,427,212
2015,1231,552,434,211
2015,1217,548,430,209
2015,1213,550,432,209
2015,1203,542,425,208
2015,1223,552,428,208
2015,1208,542,423,208
2015,1220,554,430,209
2015,1204,548,424,208
2015,1188,539,423,210
2015,1189,535,420,213
2015,1193,526,420,212
2015,1192,524,423,212
2015,1184,514,422,212
2015,1165,522,429,213
2015,1160,523,421,216
2015,1164,525,418,213
2015,1175,529,426,215
2015,1183,530,430,217
2015,1181,540,439,218
2015,1182,544,435,215
2015,1177,533,436,214
2015,1173,526,431,214
2015,1184,521,433,211
2015,1196,527,432,214
2015,1199,526,433,214
2015,1181,524,437,209
2015,1176,510,423,208
2015,1195,531,428,208
2015,1187,540,419,208
2015,1199,550,422,207
2015,1234,554,426,209
2015,1229,552,426,209
2015,1236,567,441,210
2015,1253,569,443,214
2015,1241,561,439,214
2015,1267,568,441,215
2015,1272,573,438,215
2015,1259,566,438,216
2015,1248,568,436,215
2015,1248,573,438,215
2015,1265,577,439,217
2015,1266,575,434,216
2015,1268,576,432,213
2015,1269,575,426,213
2015,1265,569,432,217
2015,1263,563,432,214
2015,1244,556,429,217
2015,1237,547,421,217
2015,1234,549,418,216
2015,1242,549,417,219
2015,1299,550,415,220
2015,1296,561,428,219
2015,1315,584,425,222
2015,1317,566,414,221
2015,1327,567,409,221
2015,1350,577,427,225
2015,1356,591,430,225
2015,1322,587,429,225
2015,1294,581,491,224
2015,1294,561,477,221
2015,1297,553,475,222
2015,1290,570,477,226
2015,1266,558,464,222
2015,1263,554,472,223
2015,1276,552,472,222
2015,1276,552,475,222
2015,1275,551,469,218
2015,1274,550,464,214
2015,1276,550,464,214
2015,1276,545,460,210
2015,1273,540,458,207
2015,1275,544,472,210
2015,1270,529,468,211
2015,1270,529,460,207
2015,1274,537,470,208
2015,1303,550,481,213
2015,1296,550,474,208
2015,1269,545,474,212
2015,1282,547,486,214
2015,1285,556,476,211
2015,1287,541,457,207
2015,1288,532,451,207
2015,1284,543,457,203
2015,1289,546,464,204
2015,1338,575,482,216
2015,1343,567,481,216
2015,1367,588,494,219
2015,1370,582,485,214
2015,1342,571,484,216
2015,1352,575,487,216
2015,1318,579,483,214
2015,1336,572,485,217
2015,1302,555,470,212
2015,1286,543,468,211
2015,1276,548,470,213
2015,1287,543,473,214
2015,1274,543,469,216
2015,1254,529,466,210
2015,1255,539,469,214
2015,1255,539,499,214
2015,1240,535,479,211
2015,1253,543,476,212
2015,1251,531,462,209
2015,1249,533,469,211
2015,1253,544,476,213
2015,1244,549,485,221
2015,1264,552,492,219
2015,1281,556,487,216
2015,1290,501,473,213
2015,1282,501,478,213
2015,1270,495,478,216
2015,1273,492,474,217
2015,1250,486,477,212
2015,1255,475,480,210
2015,1237,469,463,206
2015,1261,469,459,204
2015,1298,479,467,207
2015,1308,490,468,208
2015,1317,492,485,206
2015,1302,495,482,206
2015,1289,494,477,208
2015,1297,499,472,207
2015,1275,492,460,205
2015,1296,495,464,207
2015,1296,503,479,209
2015,1275,495,463,207
2015,1285,498,469,212
2015,1287,500,464,209
2015,1296,512,466,210
2015,1275,498,459,211
2015,1265,501,457,209
2015,1257,498,453,205
2015,1256,500,453,203
2015,1252,495,454,203
2015,1253,494,448,202
2015,1286,499,457,205
2015,1300,507,471,211
2015,1281,498,456,204
2015,1289,500,459,208
2015,1288,503,465,208
2015,1303,507,470,207
2015,1305,505,476,205
2015,1300,502,476,206
2015,1309,512,487,211
2015,1305,506,505,211
2015,1305,504,490,208
2015,1308,492,496,207
2015,1304,502,497,209
2015,1301,504,500,211
2015,1309,512,492,210
2015,1278,512,485,212
2015,1279,512,480,212
2015,1256,506,467,207
2015,1260,498,465,204
2015,1256,490,457,202
2015,1250,484,463,201
2015,1258,489,469,203
2015,1261,487,458,200
2015,1278,498,471,203
2015,1264,489,463,203
2015,1273,486,460,202
2015,1232,481,446,200
2015,1259,491,456,204
2015,1241,498,460,203
2015,1232,486,440,202
2015,1244,490,444,203
2015,1248,490,435,200
2015,1250,496,442,200
2015,1247,499,448,196
2015,1229,531,448,200
2015,1223,534,439,204
2015,1214,536,445,217
2015,1214,533,462,216
2015,1237,545,470,220
2015,1291,549,477,226
2015,1314,553,472,227
2015,1328,560,488,234
2015,1327,558,484,232
2015,1332,554,482,231
2015,1321,550,479,231
2015,1293,540,467,231
2015,1274,545,466,233
2015,1271,543,470,237
2015,1277,555,490,236
2015,1282,557,490,234
2015,1257,551,481,230
2015,1257,537,494,237
2015,1287,555,504,248
2015,1296,553,485,245
2015,1309,558,484,242
2015,1305,564,490,245
2015,1298,558,490,238
2015,1280,557,502,237
2015,1292,560,510,241
2015,1281,567,514,242
2015,1291,555,503,240
2015,1310,555,513,246
2015,1303,546,515,246
2015,1321,550,511,245
2015,1323,548,516,248
2015,1348,562,516,250
2015,1373,569,509,247
2015,1388,574,508,252
2015,1335,573,506,249
2015,1338,574,505,247
2015,1331,566,506,245
2015,1328,565,494,247
2015,1336,579,496,249
2015,1352,568,494,245
2015,1348,566,493,244
2015,1338,571,500,244
2015,1341,581,512,247
2015,1318,574,508,251
2015,1292,570,496,248
2015,1269,574,498,248
2015,1231,578,496,243
2015,1230,571,489,239
2015,1221,570,483,241
2015,1256,562,499,243
2015,1288,558,489,241
2015,1276,548,493,239
2015,1257,536,475,232
2015,1279,530,475,233
2015,1257,534,473,234
2015,1241,535,448,227
2015,1272,536,412,226
2015,1270,536,415,228
2015,1251,534,404,224
2015,1252,554,412,226
2015,1257,549,416,223
2015,1257,542,422,221
2015,1250,531,418,221
2015,1256,526,411,219
2015,1266,530,410,208
2015,1270,534,398,210
2015,1261,532,395,207
2015,1249,522,396,211
2015,1255,529,394,209
2015,1256,519,386,208
2015,1222,493,384,204
2015,1209,491,375,203
2015,1223,489,384,204
2015,1270,499,395,209
2015,1290,503,401,209
2015,1273,494,402,207
2016,1183,505,414,178
2016,1176,496,410,177
2016,1157,499,404,176
2016,1162,499,402,174
2016,1147,491,395,171
2016,1144,494,397,172
2016,1154,492,409,173
2016,1157,501,410,173
2016,1170,506,415,175
2016,1144,502,412,174
2016,1141,503,410,174
2016,1130,496,416,175
2016,1104,500,410,175
2016,1100,495,400,174
2016,1104,489,400,170
2016,1098,495,402,172
2016,1098,492,397,172
2016,1077,483,393,170
2016,1091,483,390,172
2016,1093,481,397,171
2016,1111,482,397,173
2016,1132,488,402,176
2016,1138,488,402,174
2016,1130,486,403,174
2016,1141,490,403,173
2016,1150,489,401,174
2016,1094,465,384,169
2016,1078,460,382,168
2016,1068,457,381,169
2016,1066,456,379,166
2016,1063,460,382,164
2016,1069,465,380,164
2016,1095,470,387,167
2016,1061,462,385,168
2016,1051,461,382,166
2016,1078,470,395,167
2016,1085,479,392,168
2016,1142,491,405,169
2016,1139,489,409,169
2016,1165,486,397,170
2016,1160,483,382,168
2016,1152,491,382,172
2016,1175,495,386,173
2016,1196,501,384,174
2016,1199,499,382,173
2016,1209,502,387,173
2016,1198,507,395,177
2016,1199,509,402,181
2016,1214,514,405,181
2016,1214,519,416,187
2016,1201,518,408,186
2016,1198,521,415,186
2016,1200,520,417,181
2016,1181,511,404,177
2016,1183,514,406,178
2016,1164,526,402,179
2016,1190,515,407,179
2016,1184,506,403,179
2016,1194,514,401,179
2016,1193,521,408,180
2016,1203,525,409,181
2016,1206,519,404,180
2016,1215,518,400,180
2016,1219,515,396,177
2016,1212,519,398,181
2016,1218,520,398,182
2016,1201,518,394,180
2016,1199,521,399,180
2016,1189,529,394,181
2016,1207,528,396,181
2016,1203,525,396,180
2016,1206,531,395,180
2016,1181,530,393,180
2016,1163,521,390,179
2016,1164,523,388,179
2016,1180,527,391,180
2016,1176,518,390,180
2016,1161,519,387,178
2016,1220,527,394,181
2016,1242,523,393,181
2016,1257,516,392,181
2016,1254,519,392,181
2016,1256,518,389,184
2016,1272,520,387,184
2016,1250,511,378,180
2016,1262,510,389,184
2016,1276,518,399,189
2016,1286,529,395,195
2016,1301,520,396,195
2016,1274,508,386,193
2016,1302,511,391,195
2016,1319,512,393,197
2016,1312,517,392,198
2016,1346,526,396,201
2016,1369,531,407,204
2016,1355,539,412,204
2016,1338,541,409,203
2016,1325,542,408,207
2016,1325,539,410,206
2016,1325,534,411,205
2016,1326,536,412,206
2016,1328,542,413,205
2016,1350,542,400,206
2016,1354,543,390,209
2016,1310,537,376,204
2016,1310,539,375,208
2016,1289,543,377,206
2016,1276,544,373,205
2016,1279,540,370,204
2016,1258,536,365,202
2016,1253,540,362,203
2016,1247,542,365,202
2016,1233,543,365,206
2016,1217,541,361,207
2016,1223,536,359,208
2016,1261,588,364,214
2016,1247,597,360,215
2016,1232,588,361,214
2016,1232,588,358,213
2016,1213,579,361,211
2016,1215,579,359,210
2016,1243,588,369,212
2016,1247,592,374,211
2016,1250,586,366,210
2016,1277,585,365,209
2016,1251,588,364,208
2016,1232,580,357,203
2016,1248,583,368,206
2016,1287,597,371,208
2016,1323,606,385,211
2016,1334,600,385,211
2016,1326,603,385,210
2016,1330,604,385,209
2016,1301,590,377,207
2016,1279,593,376,206
2016,1278,595,378,205
2016,1267,588,376,204
2016,1274,590,377,203
2016,1278,590,376,205
2016,1289,593,377,204
2016,1307,619,372,204
2016,1316,629,363,202
2016,1306,633,362,201
2016,1315,633,361,203
2016,1325,631,361,203
2016,1317,629,367,208
2016,1285,624,370,205
2016,1318,634,374,206
2016,1286,624,379,205
2016,1274,617,370,204
2016,1263,604,375,205
2016,1234,594,370,202
2016,1246,594,367,202
2016,1265,601,368,204
2016,1278,603,365,204
2016,1276,605,371,202
2016,1285,607,366,203
2016,1276,608,359,203
2016,1262,604,362,202
2016,1283,605,357,203
2016,1259,601,354,202
2016,1261,606,359,202
2016,1256,600,361,202
2016,1237,591,361,200
2016,1235,596,366,204
2016,1239,594,369,203
2016,1239,589,364,204
2016,1263,601,371,206
2016,1268,604,375,208
2016,1264,605,400,207
2016,1256,620,419,210
2016,1245,616,425,208
2016,1226,608,423,207
2016,1209,606,423,209
2016,1212,613,423,210
2016,1225,622,421,225
2016,1260,619,427,221
2016,1263,586,419,219
2016,1259,591,420,214
2016,1253,592,420,212
2016,1216,583,417,206
2016,1235,591,414,207
2016,1241,600,419,209
2016,1231,610,422,210
2016,1236,622,420,212
2016,1227,603,410,211
2016,1260,609,407,212
2016,1245,603,410,211
2016,1235,599,403,207
2016,1237,602,405,209
2016,1237,604,409,208
2016,1237,595,414,207
2016,1223,597,411,209
2016,1213,597,412,207
2016,1176,581,408,202
2016,1164,576,407,202
2016,1165,567,406,200
2016,1178,571,414,203
2016,1183,572,412,202
2016,1174,571,409,201
2016,1179,589,408,202
2016,1177,582,408,203
2016,1179,585,418,201
2016,1187,585,430,204
2016,1159,578,427,202
2016,1138,563,416,201
2016,1088,542,407,195
2016,1105,561,412,199
2016,1106,555,404,200
2016,1105,563,406,200
2016,1132,562,414,202
2016,1158,563,423,204
2016,1160,564,426,205
2016,1158,562,422,203
2016,1138,549,412,198
2016,1133,540,412,197
2016,1135,546,414,197
2016,1113,542,399,194
2016,1099,539,404,194
2016,1134,554,414,199
2016,1141,554,405,201
2016,1181,575,425,204
2016,1211,587,435,209
2016,1210,590,434,210
2016,1208,579,426,209
2016,1199,588,436,213
2016,1201,587,440,213
2016,1196,582,433,211
2016,1166,565,422,205
2016,1160,569,418,207
2016,1152,569,419,205
2016,1148,568,420,206
2016,1127,569,418,207
2016,1140,561,421,203
2016,1140,570,419,203
2016,1139,566,421,205
2016,1131,570,419,204
2016,1139,567,414,204
2016,1140,542,413,205
2016,1164,525,405,206
2016,1181,528,407,202
2016,1199,532,414,208
2016,1186,525,413,206
2016,1191,535,421,208
2016,1174,537,421,209
2016,1185,539,423,209
2016,1208,553,423,209
2017,1351,521,445,236
2017,1313,517,439,231
2017,1310,517,442,230
2017,1325,518,444,227
2017,1323,520,443,226
2017,1298,511,445,223
2017,1294,508,435,222
2017,1288,502,435,219
2017,1290,508,443,222
2017,1273,511,446,217
2017,1279,507,441,216
2017,1314,502,433,215
2017,1306,505,438,216
2017,1331,503,440,217
2017,1301,501,435,212
2017,1309,500,432,211
2017,1317,495,429,212
2017,1318,492,424,213
2017,1316,493,424,217
2017,1315,479,415,217
2017,1319,488,424,219
2017,1329,491,427,224
2017,1343,492,430,221
2017,1343,499,430,221
2017,1344,505,429,220
2017,1341,496,427,220
2017,1340,483,421,221
2017,1336,483,419,221
2017,1352,480,421,221
2017,1354,485,420,221
2017,1373,494,426,223
2017,1353,476,424,222
2017,1357,475,435,224
2017,1379,476,435,224
2017,1354,481,434,227
2017,1368,477,438,227
2017,1368,476,439,227
2017,1355,478,438,227
2017,1333,464,423,225
2017,1310,463,424,221
2017,1313,461,429,220
2017,1301,464,420,220
2017,1312,461,428,221
2017,1308,472,418,220
2017,1292,473,427,223
2017,1269,474,435,227
2017,1280,468,454,224
2017,1289,463,457,223
2017,1294,470,469,223
2017,1292,463,461,219
2017,1293,462,462,221
2017,1297,465,462,217
2017,1292,470,462,218
2017,1279,465,463,219
2017,1274,464,458,220
2017,1250,465,454,218
2017,1230,468,450,215
2017,1227,462,451,215
2017,1223,460,454,215
2017,1215,452,447,213
2017,1221,450,443,212
2017,1224,452,441,212
2017,1218,450,437,210
2017,1238,448,438,214
2017,1248,450,437,216
2017,1237,453,437,218
2017,1255,448,437,219
2017,1252,449,442,221
2017,1262,455,435,219
2017,1247,456,445,219
2017,1249,456,447,217
2017,1250,455,449,217
2017,1253,454,444,214
2017,1243,446,440,213
2017,1245,442,436,222
2017,1244,442,432,224
2017,1227,439,430,226
2017,1235,442,430,225
2017,1230,448,430,224
2017,1227,448,426,223
2017,1242,451,430,223
2017,1228,450,430,223
2017,1228,460,433,222
2017,1248,457,433,224
2017,1242,463,425,218
2017,1235,464,426,218
2017,1244,471,434,218
2017,1248,456,434,217
2017,1245,446,440,218
2017,1249,438,438,218
2017,1264,437,437,216
2017,1257,462,438,216
2017,1243,510,436,216
2017,1246,488,432,217
2017,1235,491,430,216
2017,1248,494,436,217
2017,1256,491,441,216
2017,1256,485,439,215
2017,1252,482,441,216
2017,1252,484,443,216
2017,1261,492,445,217
2017,1245,492,438,217
2017,1237,497,441,220
2017,1251,503,442,221
2017,1246,506,446,216
2017,1242,499,447,217
2017,1241,486,445,217
2017,1278,497,446,217
2017,1286,497,448,217
2017,1265,495,454,219
2017,1246,490,452,215
2017,1222,485,443,202
2017,1225,490,448,203
2017,1204,493,440,202
2017,1198,492,434,200
2017,1199,486,425,195
2017,1223,489,429,198
2017,1220,486,427,198
2017,1238,488,425,197
2017,1217,479,425,201
2017,1166,468,416,193
2017,1174,474,420,193
2017,1178,475,419,193
2017,1183,481,421,195
2017,1187,476,419,195
2017,1181,468,425,194
2017,1167,465,424,194
2017,1175,462,424,194
2017,1171,464,420,192
2017,1181,472,426,193
2017,1197,470,425,191
2017,1203,472,422,192
2017,1223,472,427,191
2017,1216,465,421,191
2017,1200,470,420,191
2017,1206,476,422,196
2017,1235,479,427,192
2017,1226,479,424,194
2017,1244,482,433,197
2017,1254,474,430,201
2017,1261,478,434,205
2017,1308,481,440,206
2017,1348,490,445,210
2017,1302,479,429,208
2017,1282,485,429,207
2017,1277,486,431,203
2017,1273,489,432,201
2017,1276,498,434,201
2017,1286,493,432,200
2017,1289,498,430,202
2017,1312,492,430,201
2017,1280,477,427,197
2017,1261,479,432,197
2017,1266,481,429,195
2017,1254,479,422,195
2017,1268,481,424,197
2017,1228,476,427,191
2017,1215,478,425,193
2017,1183,476,424,190
2017,1180,482,424,190
2017,1175,472,419,189
2017,1166,472,422,187
2017,1176,473,425,191
2017,1171,473,420,188
2017,1160,466,415,187
2017,1165,469,409,187
2017,1169,467,418,186
2017,1145,461,411,186
2017,1137,459,407,185
2017,1151,463,405,186
2017,1155,457,400,184
2017,1156,465,410,185
2017,1164,463,410,184
2017,1155,462,406,184
2017,1163,464,407,187
2017,1150,460,404,187
2017,1154,461,404,185
2017,1157,462,405,185
2017,1164,466,405,186
2017,1197,484,416,188
2017,1210,484,417,191
2017,1211,477,417,189
2017,1215,491,425,192
2017,1200,500,427,193
2017,1201,498,425,191
2017,1206,504,433,190
2017,1216,511,437,193
2017,1221,513,438,193
2017,1222,516,439,192
2017,1215,518,430,190
2017,1206,514,426,189
2017,1214,516,437,192
2017,1230,520,438,191
2017,1239,514,436,188
2017,1243,516,430,187
2017,1240,511,432,187
2017,1263,520,433,189
2017,1260,514,428,188
2017,1249,506,421,186
2017,1284,517,427,188
2017,1271,511,423,183
2017,1260,506,422,182
2017,1256,504,424,186
2017,1250,510,429,186
2017,1236,517,428,184
2017,1247,516,426,185
2017,1251,512,422,184
2017,1240,513,425,183
2017,1233,506,420,183
2017,1245,506,420,184
2017,1241,504,421,182
2017,1206,495,417,178
2017,1233,507,426,178
2017,1251,505,422,178
2017,1204,500,420,178
2017,1224,506,423,180
2017,1207,491,415,178
2017,1203,494,416,179
2017,1207,492,414,178
2017,1199,484,414,176
2017,1159,473,410,175
2017,1135,468,404,173
2017,1122,471,408,172
2017,1120,468,412,173
2017,1116,468,415,172
2017,1104,468,414,171
2017,1084,458,407,171
2017,1115,464,406,172
2017,1166,475,420,175
2017,1179,471,422,175
2017,1177,468,421,178
2017,1159,473,424,181
2017,1153,476,429,180
2017,1143,474,419,179
2017,1146,479,422,180
2017,1148,475,422,181
2017,1139,478,419,181
2017,1129,478,415,182
2017,1125,488,425,182
2017,1172,500,424,181
2017,1162,485,417,179
2017,1158,485,419,179
2017,1152,485,419,177
2017,1141,486,407,176
2017,1167,498,422,180
2017,1190,499,428,178
2017,1184,497,418,175
2017,1181,501,414,177
2018,1893,659,482,248
2018,1896,657,479,248
2018,1909,657,474,246
2018,1889,644,471,245
2018,1919,649,469,245
2018,1896,646,477,242
2018,1954,667,480,250
2018,1968,665,479,256
2018,1988,677,493,251
2018,1994,694,486,255
2018,1990,706,481,250
2018,1983,698,489,254
2018,2017,679,486,248
2018,2000,675,478,246
2018,1976,669,471,245
2018,1995,683,481,250
2018,1993,669,506,249
2018,2007,681,526,252
2018,2011,685,518,251
2018,1982,670,509,246
2018,1968,667,508,243
2018,1961,661,507,236
2018,1984,666,522,233
2018,1890,639,512,234
2018,1846,621,500,239
2018,1813,621,490,230
2018,1812,619,493,236
2018,1878,641,504,241
2018,1902,652,520,250
2018,1887,651,511,245
2018,1873,656,494,242
2018,1881,653,499,243
2018,1935,666,517,245
2018,1915,664,518,243
2018,1909,660,514,244
2018,1942,676,516,244
2018,1933,666,514,244
2018,1891,666,510,243
2018,1913,662,502,239
2018,1936,667,504,247
2018,1938,686,528,248
2018,1895,660,502,246
2018,1871,645,493,247
2018,1799,634,483,240
2018,1853,649,502,239
2018,1849,650,490,232
2018,1844,658,476,232
2018,1903,680,490,242
2018,1913,684,479,242
2018,1929,705,512,242
2018,1962,695,502,239
2018,1950,699,501,240
2018,1918,679,493,237
2018,1980,673,505,235
2018,2044,700,526,237
2018,2092,718,534,241
2018,2078,714,536,238
2018,2103,725,542,244
2018,2065,707,539,244
2018,2163,729,546,246
2018,2256,747,549,248
2018,2184,730,544,243
2018,2189,725,546,239
2018,2142,718,545,239
2018,2183,726,558,246
2018,2198,718,548,250
2018,2103,705,542,251
2018,2078,720,544,250
2018,2071,719,542,249
2018,2074,726,539,247
2018,2065,734,535,248
2018,2044,743,543,247
2018,2046,734,543,243
2018,2081,731,544,244
2018,2080,733,537,244
2018,2075,727,544,241
2018,2079,730,539,239
2018,2099,737,538,235
2018,2053,717,525,231
2018,2078,721,523,226
2018,2082,708,508,224
2018,2072,705,516,223
2018,2069,712,520,222
2018,2051,708,520,222
2018,2043,689,512,219
2018,2035,699,513,217
2018,2018,692,502,217
2018,2010,692,494,214
2018,2013,715,502,210
2018,2009,715,499,210
2018,2004,704,500,214
2018,2000,704,492,211
2018,1993,693,483,209
2018,1974,690,478,209
2018,1974,681,482,209
2018,1967,684,484,208
2018,1976,680,478,208
2018,1979,682,482,209
2018,1948,677,480,209
2018,1977,677,489,208
2018,1940,683,483,207
2018,1945,676,474,205
2018,1944,687,482,206
2018,1965,687,476,204
2018,1982,692,482,206
2018,1999,689,496,205
2018,2006,678,502,207
2018,1997,674,500,212
2018,1981,658,491,214
2018,2000,661,495,214
2018,2002,664,490,213
2018,1989,666,486,212
2018,1981,659,492,211
2018,1971,647,503,210
2018,1980,660,497,204
2018,1875,651,490,203
2018,1883,649,481,199
2018,1913,642,472,197
2018,1880,642,466,198
2018,1866,673,463,196
2018,1874,677,469,196
2018,1851,667,463,195
2018,1848,654,463,196
2018,1843,645,455,193
2018,1858,635,461,192
2018,1852,639,455,193
2018,1819,636,454,193
2018,1810,624,452,194
2018,1819,623,451,194
2018,1822,622,455,195
2018,1825,621,460,196
2018,1829,634,467,199
2018,1840,641,474,200
2018,1788,620,468,200
2018,1824,637,462,202
2018,1781,629,457,200
2018,1750,631,456,198
2018,1747,630,464,198
2018,1736,626,461,198
2018,1726,619,454,194
2018,1722,610,443,191
2018,1744,620,450,195
2018,1732,610,452,195
2018,1741,616,455,196
2018,1757,606,454,196
2018,1762,608,453,197
2018,1751,607,447,197
2018,1793,614,458,198
2018,1802,611,456,198
2018,1748,592,447,198
2018,1754,597,452,199
2018,1778,590,448,199
2018,1751,592,445,202
2018,1746,591,455,209
2018,1747,595,460,206
2018,1741,597,463,203
2018,1717,595,463,204
2018,1728,590,466,204
2018,1726,584,465,203
2018,1745,585,464,203
2018,1721,583,460,205
2018,1710,592,464,206
2018,1740,587,465,202
2018,1741,591,463,204
2018,1750,599,500,207
2018,1766,600,526,209
2018,1726,593,521,207
2018,1770,588,539,211
2018,1735,580,534,215
2018,1693,577,531,215
2018,1704,594,544,223
2018,1701,589,531,224
2018,1596,566,509,219
2018,1580,563,498,219
2018,1583,563,506,214
2018,1594,567,500,217
2018,1577,586,496,221
2018,1570,581,505,215
2018,1507,562,484,214
2018,1469,557,474,215
2018,1462,556,477,214
2018,1475,564,476,213
2018,1479,574,481,215
2018,1455,562,480,211
2018,1456,570,485,213
2018,1455,569,490,217
2018,1425,566,484,211
2018,1424,577,486,206
2018,1409,578,484,206
2018,1409,584,479,213
2018,1416,581,465,216
2018,1428,584,469,221
2018,1432,582,469,220
2018,1416,573,463,216
2018,1413,586,484,222
2018,1435,591,480,220
2018,1443,590,483,220
2018,1443,592,479,222
2018,1526,593,484,218
2018,1517,582,472,214
2018,1502,578,475,214
2018,1514,572,475,214
2018,1521,576,466,215
2018,1553,578,466,218
2018,1519,580,471,219
2018,1518,586,470,220
2018,1521,575,475,219
2018,1516,569,473,219
2018,1538,578,478,221
2018,1525,580,471,219
2018,1521,574,471,219
2018,1472,568,454,219
2018,1462,566,457,217
2018,1467,564,469,218
2018,1463,557,470,219
2018,1456,549,469,220
2018,1484,551,470,217
2018,1486,555,482,214
2018,1487,567,472,217
2018,1478,555,469,217
2018,1499,554,477,221
2018,1552,569,497,224
2018,1577,572,495,225
2018,1569,572,492,226
2018,1556,575,493,229
2018,1576,585,500,230
2018,1599,591,506,233
2018,1561,588,505,234
2018,1587,593,509,235
2018,1551,589,498,236
2018,1558,575,483,241
2018,1480,572,479,247
2018,1459,576,477,244
2018,1444,576,476,244
2018,1425,561,475,249
2018,1373,541,455,236
2018,1388,539,463,239
2018,1395,538,458,241
2018,1403,526,458,245
2018,1355,521,447,238
2018,1357,518,450,233
2018,1345,506,450,232
2018,1329,508,447,234
2018,1319,511,449,232
2018,1316,515,446,239
2018,1323,517,439,237
2019,2162,731,568,246
2019,2183,733,569,249
2019,2199,737,568,248
2019,2202,729,561,250
2019,2216,733,561,252
2019,2232,736,571,254
2019,2223,732,570,252
2019,2229,731,570,249
2019,2168,732,565,248
2019,2165,730,558,245
2019,2127,714,552,243
2019,2071,711,543,244
2019,2021,702,536,239
2019,2042,721,544,240
2019,2013,715,544,238
2019,2060,717,552,240
2019,2124,715,560,241
2019,2121,715,561,244
2019,2079,709,563,242
2019,2051,698,562,237
2019,2021,693,563,239
2019,2053,696,564,238
2019,2077,702,566,240
2019,2054,696,564,240
2019,2047,691,554,238
2019,2082,698,562,243
2019,2072,693,557,243
2019,2118,713,568,248
2019,2109,713,566,249
2019,2109,713,567,250
2019,2153,705,571,249
2019,2174,704,571,253
2019,2197,705,574,253
2019,2179,691,569,253
2019,2101,704,573,256
2019,2130,708,575,256
2019,2185,720,574,260
2019,2189,712,574,257
2019,2202,696,579,259
2019,2194,709,578,257
2019,2201,688,576,259
2019,2270,686,581,259
2019,2253,661,573,255
2019,2195,651,570,255
2019,2116,649,565,254
2019,2125,637,567,253
2019,2082,635,560,250
2019,2070,651,548,254
2019,2051,644,532,254
2019,2057,768,548,249
2019,2031,770,547,248
2019,2046,771,550,249
2019,2037,768,542,244
2019,2021,786,543,243
2019,1987,815,540,239
2019,2004,783,532,239
2019,2020,784,526,238
2019,2048,790,537,237
2019,2079,793,540,238
2019,2060,786,538,236
2019,2060,794,530,234
2019,2099,806,540,240
2019,2056,782,521,237
2019,2088,783,523,237
2019,2088,793,527,239
2019,2045,794,524,241
2019,2016,764,516,239
2019,2065,805,525,246
2019,2102,821,525,242
2019,2139,830,529,244
2019,2123,831,528,244
2019,2150,828,535,247
2019,2142,829,534,245
2019,2134,816,527,245
2019,2154,820,529,248
2019,2183,829,542,256
2019,2198,840,550,252
2019,2215,834,556,256
2019,2245,821,563,256
2019,2252,814,554,254
2019,2260,815,550,254
2019,2233,807,559,249
2019,2239,803,562,249
2019,2237,785,547,250
2019,2276,803,546,249
2019,2248,802,544,251
2019,2216,796,539,252
2019,2186,799,535,252
2019,2187,793,542,253
2019,2163,778,532,252
2019,2165,775,531,249
2019,2204,775,538,251
2019,2199,765,536,259
2019,2246,790,543,264
2019,2258,789,544,266
2019,2213,776,511,263
2019,2215,774,512,259
2019,2249,777,506,262
2019,2205,776,505,264
2019,2180,769,511,270
2019,2206,794,517,265
2019,2179,793,512,262
2019,2130,791,508,262
2019,2109,787,501,264
2019,2128,795,506,262
2019,2097,786,511,264
2019,2112,790,505,265
2019,2110,784,509,265
2019,2077,785,508,265
2019,2066,793,509,269
2019,2117,794,520,260
2019,2106,785,510,260
2019,2146,779,514,260
2019,2108,727,512,259
2019,2103,722,510,268
2019,2108,717,509,267
2019,2133,716,510,266
2019,2175,718,520,267
2019,2163,718,508,272
2019,2243,734,520,284
2019,2238,731,526,283
2019,2252,740,530,284
2019,2240,731,525,282
2019,2227,732,532,281
2019,2253,731,531,282
2019,2254,739,539,286
2019,2268,748,540,285
2019,2276,746,539,284
2019,2250,750,538,286
2019,2278,755,544,287
2019,2260,752,542,294
2019,2251,750,545,298
2019,2249,741,537,299
2019,2255,740,544,299
2019,2254,743,550,298
2019,2261,754,554,298
2019,2253,755,554,298
2019,2232,754,546,297
2019,2182,739,540,295
2019,2166,736,540,292
2019,2183,735,543,294
2019,2242,745,558,291
2019,2197,738,546,286
2019,2146,734,539,288
2019,2108,728,543,286
2019,2074,728,536,283
2019,2055,708,532,281
2019,2048,709,533,283
2019,2054,701,533,282
2019,2082,710,531,283
2019,2110,709,528,287
2019,2144,722,537,290
2019,2095,724,531,286
2019,2109,733,536,285
2019,2095,716,534,283
2019,2092,714,534,285
2019,2129,720,542,289
2019,2136,717,543,290
2019,2173,721,568,291
2019,2153,719,566,291
2019,2152,725,566,294
2019,2158,718,568,291
2019,2132,724,572,291
2019,2215,731,580,294
2019,2260,751,592,299
2019,2239,738,570,295
2019,2195,729,567,295
2019,2183,736,569,293
2019,2155,728,551,291
2019,2161,721,551,288
2019,2150,717,551,285
2019,2132,724,554,281
2019,2113,728,552,288
2019,2015,748,542,283
2019,2020,743,544,281
2019,2040,753,549,281
2019,2092,761,559,274
2019,2071,767,548,264
2019,2048,759,546,262
2019,2015,748,549,259
2019,2079,753,560,262
2019,2079,759,551,262
2019,2032,755,555,262
2019,2002,744,544,255
2019,2000,738,541,255
2019,1968,730,522,255
2019,1983,728,517,255
2019,1984,735,509,257
2019,2006,743,512,261
2019,2015,739,519,262
2019,2023,722,518,257
2019,2023,710,506,258
2019,2040,719,515,263
2019,1987,708,503,257
2019,2001,708,514,258
2019,2012,707,507,261
2019,2015,711,502,260
2019,2023,712,505,258
2019,2013,723,517,269
2019,2000,733,522,277
2019,1988,733,526,273
2019,1995,742,526,282
2019,1983,734,527,277
2019,2058,735,530,281
2019,2039,743,529,291
2019,1985,755,541,289
2019,1926,735,533,284
2019,1914,733,527,281
2019,1915,741,529,279
2019,1905,724,520,273
2019,1970,741,523,282
2019,2030,742,529,282
2019,2045,740,531,281
2019,2065,755,535,283
2019,2052,750,529,281
2019,2066,763,540,280
2019,2061,761,534,280
2019,2083,764,531,280
2019,2075,763,528,279
2019,2045,755,524,276
2019,2050,756,522,278
2019,2030,757,522,279
2019,2014,750,503,277
2019,1981,726,509,272
2019,1983,728,494,270
2019,1955,728,489,266
2019,1921,730,485,265
2019,1902,732,473,264
2019,1876,732,472,264
2019,1902,745,470,260
2019,1909,745,483,253
2019,1901,731,483,260
2019,1894,733,477,252
2019,1870,737,469,252
2019,1868,727,474,247
2019,1813,702,469,234
2019,1843,684,470,247
2019,1889,680,468,244
2019,1887,676,469,247
2019,1894,670,473,244
2019,1898,672,471,243
2019,1877,661,466,243
2019,1900,669,474,244
2019,1923,669,473,244
2019,1903,665,480,245
2020,2863,1256,946,386
2020,2909,1247,941,384
2020,2931,1250,936,385
2020,2929,1240,922,383
2020,2909,1236,919,382
2020,2909,1253,923,386
2020,2873,1221,914,364
2020,2820,1177,870,354
2020,2861,1190,891,364
2020,2838,1159,879,357
2020,2814,1166,885,358
2020,2762,1155,886,353
2020,2798,1165,873,349
2020,2784,1163,862,354
2020,2784,1168,867,356
2020,2811,1175,871,360
2020,2797,1153,864,364
2020,2738,1144,855,358
2020,2728,1135,859,361
2020,2709,1126,862,360
2020,2750,1141,843,359
2020,2727,1138,834,353
2020,2680,1100,822,351
2020,2721,1113,842,355
2020,2701,1116,825,350
2020,2722,1140,841,356
2020,2724,1140,839,356
2020,2660,1103,819,346
2020,2637,1097,805,343
2020,2627,1111,814,345
2020,2666,1124,815,349
2020,2670,1133,831,345
2020,2657,1124,828,344
2020,2671,1118,825,346
2020,2688,1123,826,347
2020,2650,1091,810,342
2020,2727,1137,855,352
2020,2707,1113,850,346
2020,2686,1104,843,345
2020,2653,1094,815,343
2020,2634,1063,814,336
2020,2605,1072,822,335
2020,2665,1061,842,341
2020,2633,1075,840,337
2020,2622,1077,830,336
2020,2630,1091,847,334
2020,2688,1112,848,340
2020,2687,1123,852,342
2020,2671,1129,866,344
2020,2675,1148,871,343
2020,2739,1138,880,347
2020,2712,1126,845,343
2020,2763,1128,827,340
2020,2741,1108,860,342
2020,2810,1137,890,350
2020,2827,1158,900,376
2020,2830,1132,866,378
2020,2813,1107,856,374
2020,2826,1094,850,359
2020,2736,1067,828,335
2020,2714,1056,829,330
2020,2706,1049,824,334
2020,2523,1018,813,313
2020,2492,1008,812,314
2020,2488,1009,813,312
2020,2426,1010,835,312
2020,2422,1011,828,314
2020,2332,975,788,305
2020,2467,1020,814,315
2020,2523,1008,821,312
2020,2465,1010,803,312
2020,2450,1002,811,317
2020,2461,1011,808,312
2020,2503,1002,789,312
2020,2491,982,793,307
2020,2491,978,795,307
2020,2374,946,722,293
2020,2331,940,722,285
2020,2328,928,722,283
2020,2348,939,726,283
2020,2327,925,709,279
2020,2289,919,701,276
2020,2300,936,707,283
2020,2265,924,702,274
2020,2246,914,690,272
2020,2257,929,694,271
2020,2239,935,706,272
2020,2248,947,710,272
2020,2254,951,713,272
2020,2243,938,702,270
2020,2248,947,706,273
2020,2249,949,706,273
2020,2253,955,710,274
2020,2257,959,710,280
2020,2270,968,714,283
2020,2253,958,719,282
2020,2242,954,709,277
2020,2254,951,725,277
2020,2257,955,717,276
2020,2280,948,684,280
2020,2283,951,692,277
2020,2295,951,690,277
2020,2308,971,705,280
2020,2260,945,688,278
2020,2250,950,693,281
2020,2254,957,706,282
2020,2281,966,705,281
2020,2280,961,695,284
2020,2276,954,694,277
2020,2310,963,712,275
2020,2207,948,701,269
2020,2157,923,680,271
2020,2171,908,653,267
2020,2191,918,650,266
2020,2225,937,652,271
2020,2208,934,649,271
2020,2201,903,623,261
2020,2235,911,628,262
2020,2234,831,615,263
2020,2172,783,591,225
2020,2220,797,603,228
2020,2222,782,582,222
2020,2204,782,588,222
2020,2219,775,575,223
2020,2270,794,592,225
2020,2263,764,579,223
2020,2200,763,579,225
2020,2157,757,569,224
2020,2092,732,552,219
2020,2082,736,557,220
2020,2102,732,554,220
2020,2119,748,562,225
2020,2016,701,550,218
2020,2042,714,560,218
2020,2035,721,580,221
2020,2028,704,570,218
2020,2045,706,570,222
2020,2038,714,579,218
2020,2048,704,576,218
2020,2046,701,581,212
2020,2030,688,579,214
2020,2040,692,571,208
2020,2068,704,578,213
2020,2109,716,579,217
2020,2072,718,573,218
2020,2072,721,578,226
2020,2048,704,576,219
2020,2092,708,579,216
2020,2046,702,563,211
2020,2047,708,560,216
2020,2045,700,560,215
2020,1972,691,550,213
2020,2004,707,543,199
2020,2005,705,531,201
2020,1943,681,524,189
2020,2020,692,530,189
2020,1991,672,535,189
2020,1954,670,527,185
2020,1949,669,518,184
2020,1946,664,511,182
2020,1893,652,511,184
2020,1902,658,517,186
2020,1950,694,529,190
2020,1950,688,527,187
2020,1935,683,528,185
2020,1893,674,518,184
2020,1892,665,512,184
2020,1904,666,519,187
2020,1933,674,520,184
2020,1930,674,514,190
2020,2014,716,544,191
2020,1906,677,492,181
2020,1859,661,471,180
2020,1837,665,483,182
2020,1819,658,468,178
2020,1878,679,478,181
2020,1770,642,462,179
2020,1738,633,456,178
2020,1819,653,470,181
2020,1806,629,455,187
2020,1716,624,460,188
2020,1735,639,479,187
2020,1759,637,458,189
2020,1766,636,469,197
2020,1705,632,463,193
2020,1775,639,451,192
2020,1654,586,406,180
2020,1709,603,414,190
2020,1826,642,436,197
2020,1779,627,419,184
2020,1825,653,431,184
2020,1791,643,448,183
2020,1750,606,458,175
2020,1703,590,442,176
2020,1670,526,417,170
2020,1797,585,445,179
2020,1636,546,413,162
2020,1654,534,434,170
2020,1658,555,451,173
2020,1696,583,451,180
2020,1806,642,493,197
2020,1770,631,493,199
2020,1954,686,537,213
2020,1972,704,540,214
2020,2116,739,566,224
2020,2125,755,576,230
2020,2083,759,563,229
2020,2036,747,565,224
2020,2001,741,550,221
2020,2000,732,534,221
2020,2106,778,573,232
2020,2124,783,584,240
2020,2156,798,582,244
2020,2115,796,595,244
2020,2157,797,608,246
2020,2196,800,606,248
2020,2216,798,607,244
2020,2203,789,613,244
2020,2184,786,622,243
2020,2192,792,612,244
2020,2171,781,614,244
2020,2153,774,611,241
2020,2162,773,605,241
2020,2137,777,608,244
2020,2128,771,600,244
2020,2147,785,596,242
2020,2108,788,587,240
2020,2103,767,579,237
2020,2165,780,591,237
2020,2079,776,591,237
2020,2138,781,608,241
2020,2155,790,609,247
2020,2184,778,601,244
2020,2169,778,604,245
2020,2183,783,608,248
2020,2191,784,599,249
2020,2207,770,591,246
2020,2171,763,584,247
2020,2170,768,589,248
2020,2219,768,599,251
2020,2239,767,593,250
2020,2227,768,596,248
2020,2207,776,594,257
2020,2190,774,587,255
2020,2214,738,580,252
2020,2214,728,580,254
2020,2255,718,586,255
2020,2206,728,584,255
2020,2200,739,582,252
2020,2201,746,585,251
2020,2158,735,574,248
2020,2168,737,572,248
2021,3738,1888,1319,715
2021,3734,1893,1317,714
2021,3695,1886,1292,704
2021,3707,1888,1284,705
2021,3696,1866,1267,700
2021,3671,1864,1265,698
2021,3663,1858,1227,695
2021,3631,1825,1223,686
2021,3608,1812,1205,691
2021,3557,1799,1160,666
2021,3584,1821,1171,671
2021,3582,1772,1160,644
2021,3570,1734,1149,636
2021,3624,1752,1162,647
2021,3610,1745,1159,645
2021,3637,1759,1162,638
2021,3602,1763,1169,643
2021,3627,1753,1172,642
2021,3585,1712,1150,632
2021,3536,1695,1137,625
2021,3640,1736,1171,641
2021,3643,1748,1185,647
2021,3578,1715,1157,635
2021,3529,1713,1139,637
2021,3502,1696,1133,631
2021,3447,1692,1110,621
2021,3446,1722,1125,637
2021,3443,1696,1119,637
2021,3464,1737,1113,643
2021,3458,1759,1110,644
2021,3476,1779,1120,651
2021,3522,1787,1152,662
2021,3556,1792,1163,661
2021,3553,1787,1171,659
2021,3526,1780,1172,660
2021,3488,1733,1161,642
2021,3484,1740,1169,653
2021,3506,1743,1173,658
2021,3503,1738,1183,658
2021,3509,1709,1183,654
2021,3492,1703,1176,653
2021,3484,1698,1171,654
2021,3476,1700,1189,655
2021,3398,1668,1144,647
2021,3422,1704,1152,657
2021,3490,1729,1177,671
2021,3483,1704,1167,668
2021,3493,1708,1165,668
2021,3499,1720,1194,682
2021,3533,1754,1211,696
2021,3609,1802,1233,702
2021,3634,1822,1232,712
2021,3647,1792,1221,710
2021,3611,1716,1251,708
2021,3655,1709,1265,673
2021,3653,1685,1250,659
2021,3686,1691,1303,653
2021,3936,1724,1322,661
2021,3893,1691,1306,643
2021,3811,1674,1275,636
2021,3833,1693,1305,647
2021,3773,1679,1279,641
2021,3730,1665,1274,636
2021,3776,1675,1280,634
2021,3792,1692,1281,641
2021,3779,1687,1269,640
2021,3837,1721,1295,654
2021,3871,1764,1358,677
2021,3869,1743,1328,674
2021,3862,1717,1316,668
2021,3863,1718,1300,668
2021,3824,1688,1276,663
2021,3828,1691,1263,665
2021,3903,1702,1263,668
2021,3955,1711,1273,674
2021,3886,1686,1239,673
2021,3845,1692,1208,671
2021,3791,1692,1199,662
2021,3774,1693,1189,662
2021,3816,1707,1182,674
2021,3852,1730,1200,686
2021,3842,1701,1175,655
2021,3837,1689,1173,651
2021,3715,1678,1165,642
2021,3786,1706,1182,641
2021,3701,1698,1163,632
2021,3720,1709,1163,635
2021,3672,1728,1167,629
2021,3659,1736,1154,632
2021,3613,1721,1153,634
2021,3637,1739,1163,629
2021,3560,1733,1117,620
2021,3561,1733,1134,629
2021,3553,1742,1143,635
2021,3473,1704,1124,614
2021,3463,1712,1119,616
2021,3352,1690,1097,606
2021,3344,1678,1067,601
2021,3334,1677,1064,604
2021,3323,1663,1051,597
2021,3310,1650,1050,598
2021,3284,1654,1061,601
2021,3274,1649,1040,597
2021,3285,1655,1039,599
2021,3219,1632,1035,592
2021,3167,1611,1025,587
2021,3196,1617,1008,590
2021,3198,1606,983,592
2021,3183,1603,992,591
2021,3198,1604,1000,590
2021,3213,1590,994,599
2021,3216,1590,979,584
2021,3206,1550,977,568
2021,3185,1542,1000,574
2021,3195,1555,1005,578
2021,3203,1581,1040,576
2021,3215,1577,989,562
2021,3188,1545,968,525
2021,3193,1548,979,526
2021,3208,1563,977,526
2021,3259,1561,977,531
2021,3275,1565,975,532
2021,3262,1562,972,533
2021,3321,1579,980,536
2021,3325,1568,985,539
2021,3342,1560,986,539
2021,3346,1581,984,546
2021,3341,1563,984,543
2021,3337,1572,985,547
2021,3381,1574,996,548
2021,3374,1559,990,549
2021,3261,1503,973,540
2021,3301,1512,980,557
2021,3273,1500,982,542
2021,3297,1503,975,550
2021,3318,1495,986,559
2021,3274,1481,979,555
2021,3263,1474,985,558
2021,3276,1462,984,562
2021,3274,1447,983,554
2021,3217,1424,969,554
2021,3200,1415,971,544
2021,3200,1413,967,551
2021,3183,1390,950,548
2021,3144,1386,937,541
2021,3141,1390,939,539
2021,3129,1379,944,543
2021,3153,1387,951,543
2021,3159,1394,945,539
2021,3144,1405,943,539
2021,3180,1402,942,541
2021,3159,1397,946,527
2021,3114,1362,941,518
2021,3082,1348,933,515
2021,3081,1355,931,513
2021,3060,1339,924,508
2021,3082,1337,931,512
2021,3089,1340,932,508
2021,3070,1329,922,500
2021,3052,1316,910,498
2021,3088,1327,906,508
2021,3123,1331,907,518
2021,3146,1340,914,526
2021,3133,1353,916,515
2021,3111,1362,916,512
2021,3096,1342,909,491
2021,3050,1329,901,482
2021,3037,1352,908,487
2021,3036,1354,899,493
2021,3115,1356,910,490
2021,3124,1356,924,489
2021,3132,1349,929,485
2021,3101,1344,929,480
2021,3110,1334,956,476
2021,3119,1351,962,487
2021,3145,1351,961,470
2021,3162,1363,995,473
2021,3195,1354,1013,469
2021,3219,1361,992,431
2021,3104,1397,983,419
2021,3247,1426,1009,433
2021,3322,1441,1045,450
2021,3317,1440,1038,442
2021,3271,1430,1037,438
2021,3265,1411,1028,427
2021,3239,1410,1034,425
2021,3165,1385,1003,416
2021,3178,1368,983,414
2021,3159,1385,996,418
2021,3067,1336,959,404
2021,3065,1334,957,400
2021,3121,1354,976,411
2021,3143,1372,981,416
2021,3130,1371,979,414
2021,3050,1344,960,411
2021,3037,1337,948,410
2021,3113,1387,987,420
2021,3110,1384,1007,429
2021,3066,1374,992,426
2021,3058,1375,979,425
2021,3071,1368,989,427
2021,3051,1346,973,419
2021,3007,1336,962,417
2021,3008,1317,942,421
2021,3050,1330,958,439
2021,3059,1344,965,436
2021,3006,1305,954,430
2021,2924,1267,930,414
2021,2894,1253,909,410
2021,2995,1275,929,421
2021,2948,1274,916,423
2021,2980,1266,910,416
2021,2958,1265,920,419
2021,3072,1291,950,430
2021,3057,1292,948,433
2021,3073,1281,943,430
2021,3109,1290,952,438
2021,3140,1310,955,440
2021,3191,1310,960,442
2021,3206,1293,970,437
2021,3213,1297,959,439
2021,3177,1306,952,439
2021,3214,1304,958,435
2021,3158,1272,946,426
2021,3188,1279,958,430
2021,3200,1285,960,434
2021,3203,1271,955,428
2021,3139,1261,928,422
2021,3111,1239,914,418
2021,3197,1276,934,432
2021,3261,1301,956,446
2021,3291,1325,948,437
2021,3303,1341,986,445
2021,3274,1340,993,446
2021,3309,1339,999,445
2021,3261,1317,984,430
2021,3222,1312,982,432
2021,3233,1345,990,439
2021,3251,1371,1028,454
2021,3159,1387,1056,459
2021,3175,1372,1062,458
2021,3176,1376,1055,447
2021,3121,1312,995,430
2021,3033,1262,963,407
2021,3052,1282,978,406
2021,3093,1294,991,406
2021,3039,1288,980,396
2021,2928,1260,951,388
2022,3257,1508,1039,393
2022,3269,1518,1044,391
2022,3257,1510,1035,388
2022,3260,1515,1036,387
2022,3253,1502,1032,381
2022,3228,1497,1031,378
2022,3260,1522,1039,389
2022,3269,1510,1040,390
2022,3244,1507,1030,389
2022,3202,1507,1033,389
2022,3240,1522,1030,390
2022,3305,1541,1042,395
2022,3365,1579,1056,400
2022,3332,1572,1045,398
2022,3286,1547,1028,396
2022,3293,1569,1028,394
2022,3351,1620,1101,404
2022,3381,1606,1106,406
2022,3385,1613,1121,411
2022,3426,1640,1131,412
2022,3439,1638,1136,412
2022,3476,1657,1136,414
2022,3391,1635,1121,407
2022,3397,1629,1129,405
2022,3395,1623,1119,406
2022,3390,1636,1128,403
2022,3380,1630,1130,398
2022,3308,1583,1103,389
2022,3315,1585,1103,389
2022,3284,1568,1096,389
2022,3343,1593,1103,394
2022,3349,1587,1093,397
2022,3355,1603,1105,398
2022,3333,1594,1104,397
2022,3336,1585,1099,397
2022,3316,1570,1091,400
2022,3206,1502,1052,389
2022,3216,1511,1053,391
2022,3234,1507,1047,392
2022,3217,1514,1045,391
2022,3207,1531,1045,389
2022,3242,1553,1045,394
2022,3260,1573,1060,392
2022,3193,1538,1041,387
2022,3163,1513,1030,383
2022,3157,1524,1032,383
2022,3162,1526,1027,385
2022,3162,1518,1032,385
2022,3137,1501,1027,383
2022,3157,1501,1017,382
2022,3122,1485,996,378
2022,3145,1504,1009,379
2022,3112,1490,995,375
2022,3099,1474,1003,377
2022,3103,1420,982,379
2022,3101,1429,952,408
2022,3070,1424,939,404
2022,3119,1463,963,411
2022,3065,1451,958,408
2022,3102,1455,965,410
2022,3091,1429,946,406
2022,2985,1394,930,395
2022,3005,1413,932,394
2022,2997,1399,923,393
2022,3036,1395,921,398
2022,3017,1394,919,398
2022,2994,1380,907,395
2022,2982,1365,896,394
2022,3007,1368,898,398
2022,3001,1377,901,401
2022,3040,1389,914,405
2022,3029,1390,898,402
2022,3009,1377,897,402
2022,3104,1433,920,415
2022,3120,1475,932,416
2022,3229,1545,955,423
2022,3243,1536,956,422
2022,3218,1512,949,417
2022,3170,1476,931,413
2022,3150,1458,932,407
2022,3127,1455,938,404
2022,3133,1461,936,406
2022,3130,1453,924,408
2022,3132,1464,926,410
2022,3211,1493,939,414
2022,3133,1462,918,404
2022,3222,1522,946,417
2022,3218,1518,944,415
2022,3255,1538,949,416
2022,3285,1542,947,417
2022,3355,1576,959,420
2022,3386,1597,970,432
2022,3381,1583,974,435
2022,3401,1606,981,443
2022,3393,1596,958,437
2022,3402,1594,956,436
2022,3423,1620,962,438
2022,3354,1602,952,430
2022,3374,1619,966,436
2022,3365,1617,958,440
2022,3355,1600,958,436
2022,3340,1566,957,432
2022,3292,1544,951,430
2022,3299,1551,952,429
2022,3302,1550,948,424
2022,3261,1517,946,416
2022,3189,1471,928,407
2022,3116,1451,914,405
2022,3167,1504,931,415
2022,3171,1506,920,411
2022,3177,1533,924,414
2022,3165,1515,917,412
2022,3074,1484,890,406
2022,3064,1490,900,405
2022,2995,1430,883,394
2022,2999,1429,903,401
2022,3039,1444,918,407
2022,3085,1439,928,409
2022,3114,1473,944,411
2022,3265,1514,984,419
2022,3288,1499,990,421
2022,3261,1492,987,416
2022,3216,1476,982,414
2022,3235,1488,985,420
2022,3315,1479,975,422
2022,3267,1462,973,416
2022,3291,1463,988,421
2022,3318,1480,1002,427
2022,3315,1475,992,425
2022,3293,1441,967,419
2022,3309,1452,971,419
2022,3223,1437,961,411
2022,3212,1450,987,425
2022,3112,1414,960,415
2022,3089,1387,959,405
2022,3142,1397,965,422
2022,3206,1422,990,440
2022,3211,1441,997,446
2022,3220,1425,992,446
2022,3360,1477,1015,461
2022,3427,1515,1029,475
2022,3404,1500,1030,470
2022,3363,1507,1023,468
2022,3431,1530,1037,473
2022,3440,1522,1043,476
2022,3423,1508,1040,474
2022,3355,1479,1018,471
2022,3364,1504,1041,478
2022,3375,1527,1040,476
2022,3261,1461,1004,467
2022,3227,1424,981,453
2022,3168,1410,974,445
2022,3288,1441,992,460
2022,3322,1468,1018,466
2022,3293,1455,1029,460
2022,3262,1427,1009,451
2022,3449,1509,1074,481
2022,3452,1518,1083,487
2022,3377,1489,1045,468
2022,3415,1504,1052,469
2022,3409,1509,1059,474
2022,3412,1527,1061,472
2022,3439,1553,1073,478
2022,3445,1570,1076,483
2022,3433,1543,1050,485
2022,3513,1585,1072,501
2022,3480,1536,1045,492
2022,3542,1541,1067,495
2022,3547,1568,1079,509
2022,3584,1583,1093,523
2022,3561,1553,1096,519
2022,3546,1581,1094,529
2022,3548,1561,1090,529
2022,3613,1585,1102,538
2022,3629,1619,1099,539
2022,3557,1588,1089,537
2022,3472,1562,1070,530
2022,3528,1621,1102,539
2022,3662,1749,1125,559
2022,3691,1742,1131,559
2022,3696,1767,1134,571
2022,3686,1815,1165,584
2022,3684,1811,1173,581
2022,3755,1829,1171,594
2022,3815,1861,1195,599
2022,3770,1883,1187,606
2022,3759,1904,1170,602
2022,3740,1907,1164,592
2022,3732,1904,1165,601
2022,3705,1886,1168,603
2022,3708,1874,1164,600
2022,3707,1877,1179,603
2022,3750,1887,1192,611
2022,3712,1872,1181,611
2022,3701,1887,1176,610
2022,3627,1853,1168,600
2022,3673,1855,1197,601
2022,3656,1889,1200,598
2022,3594,1839,1177,588
2022,3643,1891,1203,598
2022,3599,1822,1193,586
2022,3621,1826,1192,588
2022,3633,1813,1183,586
2022,3600,1778,1175,587
2022,3485,1740,1154,572
2022,3524,1723,1138,575
2022,3544,1721,1140,570
2022,3546,1703,1116,555
2022,3554,1716,1127,556
2022,3521,1695,1130,555
2022,3402,1678,1099,537
2022,3564,1743,1153,567
2022,3586,1734,1150,564
2022,3719,1731,1165,571
2022,3794,1707,1165,562
2022,3784,1725,1163,565
2022,3813,1733,1168,564
2022,3818,1738,1169,563
2022,3734,1682,1146,542
2022,3695,1721,1164,561
2022,3770,1770,1190,574
2022,3761,1737,1181,569
2022,3743,1717,1162,560
2022,3779,1715,1157,557
2022,3815,1741,1164,572
2022,3825,1739,1157,578
2022,3856,1787,1171,588
2022,3801,1772,1133,577
2022,3736,1736,1099,573
2022,3690,1686,1080,552
2022,3649,1679,1078,545
2022,3770,1722,1124,563
2022,3771,1737,1125,573
2022,3834,1786,1168,605
2022,3827,1824,1175,615
2022,3915,1867,1199,621
2022,3991,1921,1220,633
2022,4019,1940,1259,647
2022,3968,1929,1337,640
2022,3898,1897,1334,650
2022,3860,1877,1352,691
2022,3916,1856,1344,694
2022,3880,1851,1288,694
2022,3854,1814,1291,712
2022,3807,1818,1285,706
2022,3861,1845,1311,714
2022,3885,1899,1333,722
2022,3818,1898,1326,719
2023,3793,1543,1466,471
2023,3800,1563,1472,469
2023,3811,1567,1472,471
2023,3796,1544,1458,470
2023,3824,1563,1463,463
2023,3788,1536,1422,434
2023,3780,1536,1440,432
2023,3816,1558,1488,439
2023,3859,1564,1504,445
2023,3861,1578,1491,447
2023,3667,1501,1415,434
2023,3594,1449,1369,420
2023,3672,1476,1375,422
2023,3643,1489,1375,421
2023,3627,1491,1364,423
2023,3615,1466,1328,418
2023,3604,1474,1330,419
2023,3532,1454,1318,404
2023,3512,1464,1338,407
2023,3512,1452,1337,408
2023,3488,1455,1341,413
2023,3514,1460,1334,406
2023,3470,1443,1317,397
2023,3457,1437,1309,396
2023,3508,1449,1329,403
2023,3530,1458,1330,400
2023,3510,1439,1327,401
2023,3520,1437,1325,400
2023,3502,1438,1309,395
2023,3498,1445,1311,397
2023,3404,1411,1277,392
2023,3332,1374,1261,382
2023,3357,1388,1260,382
2023,3333,1369,1255,379
2023,3347,1375,1268,381
2023,3382,1391,1268,382
2023,3370,1404,1274,383
2023,3380,1403,1270,385
2023,3351,1389,1266,384
2023,3360,1370,1273,384
2023,3331,1354,1259,381
2023,3369,1368,1276,382
2023,3379,1377,1265,382
2023,3351,1380,1269,382
2023,3337,1359,1232,378
2023,3390,1370,1229,382
2023,3410,1409,1237,383
2023,3495,1427,1259,392
2023,3456,1434,1267,395
2023,3487,1441,1269,407
2023,3507,1442,1277,411
2023,3524,1434,1271,410
2023,3571,1431,1256,411
2023,3543,1466,1224,417
2023,3610,1494,1246,421
2023,3629,1495,1262,408
2023,3638,1475,1250,406
2023,3621,1479,1238,408
2023,3589,1463,1235,407
2023,3538,1444,1240,405
2023,3514,1434,1239,405
2023,3529,1435,1235,406
2023,3537,1439,1242,405
2023,3589,1467,1261,416
2023,3586,1461,1261,413
2023,3577,1474,1263,414
2023,3604,1496,1274,419
2023,3585,1502,1278,429
2023,3606,1490,1293,430
2023,3606,1492,1305,436
2023,3598,1512,1305,441
2023,3560,1507,1284,436
2023,3568,1498,1275,436
2023,3581,1501,1282,435
2023,3481,1476,1282,435
2023,3442,1470,1262,430
2023,3455,1466,1254,433
2023,3430,1477,1236,429
2023,3429,1479,1236,432
2023,3419,1465,1233,434
2023,3379,1444,1186,416
2023,3357,1435,1172,408
2023,3391,1435,1171,407
2023,3376,1418,1158,408
2023,3376,1416,1146,408
2023,3381,1420,1154,410
2023,3388,1424,1171,413
2023,3398,1408,1183,415
2023,3382,1404,1180,417
2023,3402,1405,1179,415
2023,3367,1389,1174,412
2023,3436,1412,1177,418
2023,3458,1419,1177,419
2023,3450,1394,1171,415
2023,3449,1372,1171,413
2023,3442,1389,1134,419
2023,3463,1394,1144,418
2023,3471,1390,1141,416
2023,3484,1393,1151,411
2023,3444,1378,1144,409
2023,3400,1364,1126,400
2023,3441,1357,1131,403
2023,3452,1365,1139,407
2023,3421,1356,1117,405
2023,3355,1341,1104,399
2023,3397,1353,1117,400
2023,3388,1349,1115,403
2023,3399,1335,1112,400
2023,3395,1337,1113,404
2023,3368,1332,1115,405
2023,3463,1450,1156,418
2023,3470,1475,1169,418
2023,3497,1475,1167,417
2023,3492,1423,1154,415
2023,3515,1426,1151,405
2023,3341,1365,1109,394
2023,3260,1333,1111,392
2023,3272,1349,1115,392
2023,3272,1329,1125,390
2023,3329,1330,1158,396
2023,3323,1344,1181,396
2023,3320,1347,1195,394
2023,3309,1345,1191,396
2023,3272,1334,1182,392
2023,3302,1336,1188,389
2023,3215,1293,1170,382
2023,3197,1279,1170,383
2023,3190,1270,1168,381
2023,3216,1265,1165,380
2023,3239,1282,1163,382
2023,3258,1299,1170,386
2023,3228,1303,1169,383
2023,3210,1294,1138,380
2023,3175,1292,1148,381
2023,3216,1287,1144,389
2023,3251,1300,1136,396
2023,3244,1305,1131,396
2023,3247,1292,1140,396
2023,3209,1266,1110,397
2023,3236,1283,1127,400
2023,3275,1289,1129,403
2023,3232,1279,1129,400
2023,3289,1305,1138,404
2023,3306,1299,1137,405
2023,3324,1320,1142,407
2023,3290,1318,1145,404
2023,3316,1324,1136,403
2023,3320,1314,1126,400
2023,3329,1317,1139,402
2023,3294,1304,1116,394
2023,3303,1299,1112,400
2023,3297,1300,1107,398
2023,3299,1293,1120,396
2023,3223,1269,1095,386
2023,3200,1246,1080,383
2023,3209,1247,1075,382
2023,3258,1264,1091,387
2023,3255,1258,1100,386
2023,3274,1245,1096,383
2023,3282,1256,1088,385
2023,3287,1263,1078,384
2023,3283,1271,1079,382
2023,3251,1266,1076,380
2023,3231,1259,1056,379
2023,3221,1274,1067,384
2023,3180,1269,1059,385
2023,3219,1277,1068,388
2023,3219,1253,1064,385
2023,3188,1246,1071,374
2023,3198,1228,1066,375
2023,3176,1225,1053,376
2023,3175,1226,1054,378
2023,3161,1227,1049,368
2023,3105,1223,1038,363
2023,3090,1232,1039,361
2023,3131,1259,1064,368
2023,3140,1258,1042,361
2023,3189,1389,1072,368
2023,3242,1428,1095,372
2023,3214,1406,1087,370
2023,3263,1428,1103,373
2023,3221,1422,1092,367
2023,3240,1424,1111,370
2023,3200,1411,1098,368
2023,3206,1428,1085,365
2023,3139,1384,1068,359
2023,3116,1378,1041,356
2023,3122,1389,1052,361
2023,3121,1381,1052,362
2023,3125,1375,1066,362
2023,3131,1389,1081,366
2023,3106,1391,1084,366
2023,3143,1404,1091,367
2023,3179,1421,1108,377
2023,3185,1404,1072,373
2023,3199,1420,1080,376
2023,3215,1420,1084,379
2023,3282,1435,1099,385
2023,3331,1472,1116,389
2023,3337,1480,1117,390
2023,3390,1493,1121,393
2023,3372,1507,1127,394
2023,3342,1479,1119,390
2023,3321,1472,1106,388
2023,3386,1496,1101,391
2023,3313,1488,1078,387
2023,3332,1509,1084,390
2023,3400,1551,1095,393
2023,3414,1551,1094,394
2023,3402,1562,1093,395
2023,3451,1580,1105,403
2023,3487,1592,1116,407
2023,3501,1584,1110,406
2023,3558,1602,1128,410
2023,3521,1597,1133,407
2023,3500,1593,1125,405
2023,3482,1567,1113,401
2023,3538,1609,1116,406
2023,3541,1617,1146,408
2023,3520,1591,1145,407
2023,3473,1562,1128,401
2023,3460,1570,1146,405
2023,3482,1599,1146,408
2023,3460,1584,1150,409
2023,3408,1551,1132,402
2023,3359,1534,1122,399
2023,3434,1539,1135,402
2023,3411,1519,1116,398
2023,3430,1543,1123,402
2023,3436,1552,1138,407
2023,3415,1548,1121,407
2023,3363,1526,1108,403
2023,3373,1539,1111,403
2023,3390,1545,1115,403
2023,3378,1540,1111,396
2023,3334,1526,1094,399
2023,3375,1504,1078,394
2023,3334,1481,1072,395
2023,3329,1471,1055,394
2023,3286,1470,1064,393
2023,3320,1484,1067,392
2023,3212,1449,1033,382
2023,3311,1475,1044,387
2023,3315,1495,1037,390
2023,3311,1523,1041,397
2023,3261,1524,1039,393
2024,3883,1613,1541,465
2024,3736,1494,1485,448
2024,3713,1520,1492,454
2024,3690,1529,1460,451
2024,3678,1523,1448,450
2024,3738,1533,1433,457
2024,3667,1513,1420,452
2024,3692,1490,1438,456
2024,3783,1534,1470,469
2024,3811,1551,1484,477
