Date,Tata Steel,Hindalco,JSW Steel,Adani Enterprise
2024,135,582,826,3104
2024,135,577,822,3081
2024,134,580,830,3098
2024,134,576,821,3015
2024,132,578,822,2964
2024,134,587,829,3007
2024,134,591,837,2998
2024,135,593,838,3003
2024,140,617,870,2932
2024,140,610,878,2917
2023,140,615,880,2849
2023,138,614,881,2810
2023,137,606,876,2843
2023,135,580,852,2865
2023,134,570,855,2808
2023,131,556,842,2800
2023,130,548,842,2784
2023,135,565,859,2941
2023,137,566,855,2981
2023,136,557,867,2992
2023,132,543,847,2894
2023,131,533,851,2875
2023,130,527,854,2858
2023,130,522,845,2856
2023,129,520,839,2822
2023,130,516,819,2887
2023,132,523,825,2884
2023,132,521,822,2959
2023,131,519,820,2531
2023,130,517,811,2363
2023,128,516,801,2359
2023,128,517,793,2397
2023,127,516,782,2424
2023,126,508,782,2225
2023,127,502,776,2175
2023,126,500,768,2173
2023,126,507,776,2197
2023,124,497,762,2150
2023,125,498,769,2209
2023,125,504,769,2206
2023,124,505,773,2225
2023,121,488,761,2214
2023,121,482,757,2211
2023,120,481,755,2205
2023,120,484,751,2215
2023,119,488,757,2260
2023,120,485,749,2233
2023,119,482,754,2246
2023,117,475,746,2230
2023,118,474,733,2215
2023,117,463,724,2217
2023,119,460,736,2295
2023,119,457,735,2299
2023,120,456,732,2262
2023,120,457,729,2203
2023,121,461,748,2257
2023,120,457,749,2309
2023,123,472,769,2394
2023,126,480,780,2402
2023,127,485,784,2406
2023,127,484,790,2428
2023,127,483,791,2429
2023,125,481,777,2455
2023,126,484,783,2506
2023,125,484,777,2489
2023,125,481,772,2498
2023,124,470,758,2443
2023,126,473,765,2478
2023,125,471,756,2466
2023,125,473,757,2465
2023,128,480,770,2387
2023,129,493,780,2414
2023,127,467,768,2475
2023,128,475,780,2483
2023,129,472,780,2458
2023,127,469,780,2482
2023,127,479,774,2465
2023,128,480,778,2479
2023,128,478,787,2470
2023,130,485,809,2502
2023,132,497,813,2540
2023,132,497,810,2520
2023,130,483,811,2519
2023,129,478,816,2536
2023,131,485,824,2615
2023,130,476,816,2519
2023,130,475,819,2510
2023,130,478,815,2497
2023,132,486,816,2494
2023,132,487,810,2471
2023,127,473,806,2450
2023,123,460,780,2419
2023,122,457,787,2513
2023,120,456,783,2506
2023,118,446,773,2472
2023,117,450,773,2496
2023,118,457,788,2540
2023,119,461,798,2530
2023,118,450,795,2698
2023,117,449,795,2640
2023,116,440,787,2577
2023,116,448,790,2480
2023,116,445,795,2445
2023,118,451,799,2456
2023,120,462,821,2540
2023,120,469,832,2552
2023,120,469,823,2507
2023,118,455,801,2475
2023,119,465,813,2551
2023,119,457,806,2542
2023,118,453,804,2533
2023,119,455,804,2474
2023,123,464,821,2481
2023,123,463,817,2492
2023,121,452,804,2463
2023,120,451,794,2428
2023,120,449,805,2471
2023,119,450,801,2467
2023,116,433,776,2418
2023,117,435,786,2416
2023,117,442,799,2420
2023,117,439,792,2424
2023,117,445,791,2417
2023,118,447,798,2409
2023,117,447,805,2376
2023,115,435,802,2362
2023,115,425,806,2388
2023,115,425,797,2423
2023,115,428,811,2410
2023,112,423,788,2380
2023,113,426,796,2403
2023,113,422,792,2399
2023,112,426,797,2388
2023,113,426,794,2386
2023,112,421,785,2388
2023,112,420,783,2402
2023,111,418,763,2284
2023,110,415,749,2296
2023,110,409,747,2234
2023,111,420,752,2397
2023,114,421,759,2406
2023,114,429,773,2415
2023,114,426,772,2401
2023,114,427,776,2510
2023,114,423,771,2486
2023,114,425,773,2457
2023,111,421,757,2463
2023,110,417,747,2485
2023,109,415,749,2451
2023,111,418,749,2429
2023,112,423,730,2440
2023,109,416,713,2434
2023,109,420,712,2434
2023,108,421,707,2445
2023,106,406,694,2492
2023,106,406,696,2493
2023,107,413,705,2496
2023,108,420,702,2534
2023,106,414,702,2544
2023,105,404,697,2537
2023,105,407,696,2476
2023,106,410,704,2634
2023,105,408,705,2326
2023,105,407,694,1956
2023,105,407,692,1890
2023,106,408,695,1900
2023,107,412,703,1889
2023,108,411,706,1916
2023,107,405,703,1965
2023,109,421,711,1985
2023,109,436,724,1892
2023,110,440,725,1896
2023,110,445,733,1888
2023,109,434,733,1920
2023,111,446,739,1911
2023,110,442,732,1839
2023,110,446,738,1920
2023,108,436,725,1925
2023,108,431,732,1853
2023,107,425,723,1848
2023,107,430,725,1845
2023,107,428,720,1802
2023,106,422,711,1803
2023,108,430,716,1843
2023,108,433,722,1854
2023,108,432,719,1851
2023,107,429,721,1879
2023,108,422,721,1871
2023,108,418,718,1847
2023,108,418,714,1803
2023,105,411,689,1797
2023,104,405,683,1754
2023,105,403,687,1698
2023,104,403,682,1717
2023,105,405,688,1750
2023,104,399,679,1740
2023,103,393,660,1601
2023,102,390,659,1723
2023,102,388,658,1741
2023,105,399,668,1794
2023,105,393,662,1815
2023,105,389,666,1824
2023,105,386,668,1805
2023,107,397,676,1877
2023,105,385,662,1844
2023,109,406,680,1839
2023,106,403,672,1738
2023,107,402,676,1874
2023,108,406,679,1896
2023,108,409,680,1953
2023,107,408,675,2040
2023,106,415,674,1983
2023,107,417,682,1880
2023,105,411,675,1607
2023,106,413,677,1564
2023,104,399,667,1364
2023,106,412,681,1194
2023,110,415,685,1316
2023,112,436,701,1383
2023,111,430,700,1405
2023,113,432,720,1571
2023,112,434,723,1621
2023,112,430,728,1723
2023,112,435,728,1797
2023,110,434,727,1779
2023,109,435,724,1750
2023,109,428,718,1718
2023,109,433,719,1847
2023,111,445,724,1926
2023,111,437,732,2164
2023,111,430,714,1803
2023,117,447,711,1573
2023,120,460,732,1587
2023,120,465,727,1565
2023,122,468,730,2135
2023,120,468,716,2974
2023,119,472,702,2893
2023,121,479,721,2761
2023,121,489,725,3389
2023,120,485,722,3442
2023,122,494,734,3436
2023,123,490,741,3456
2023,124,499,760,3464
2023,122,503,767,3597
2023,119,488,758,3639
2023,120,483,759,3620
2023,120,489,769,3721
2023,118,486,763,3647
2023,119,491,754,3636
2023,119,478,745,3647
2023,118,471,742,3855
2023,116,463,728,3824
2023,117,466,751,3830
2023,116,462,736,3827
2023,118,480,768,3831
2023,119,487,775,3841
2022,113,473,768,3858
2022,112,470,769,3811
2022,110,466,762,3798
2022,111,471,765,3770
2022,105,443,732,3717
2022,102,430,728,3642
2022,108,456,738,3869
2022,109,457,743,3902
2022,111,457,746,4165
2022,112,460,749,4075
2022,111,457,743,3981
2022,111,461,743,4044
2022,113,469,758,4056
2022,111,458,744,4060
2022,112,462,741,4017
2022,110,463,740,3997
2022,112,472,745,4025
2022,111,464,738,3999
2022,113,470,747,4032
2022,116,481,757,3930
2022,112,461,743,3923
2022,111,463,746,3915
2022,108,451,743,3918
2022,106,436,733,3878
2022,105,431,716,3886
2022,106,441,726,3901
2022,106,438,726,3921
2022,105,433,721,3903
2022,105,431,708,4034
2022,104,431,697,4002
2022,106,439,708,4020
2022,106,440,709,4018
2022,107,447,708,3957
2022,109,457,722,4058
2022,109,456,719,4023
2022,108,430,719,4009
2022,105,415,701,3992
2022,106,417,707,3997
2022,107,438,710,3961
2022,105,431,702,3833
2022,102,410,680,3590
2022,101,421,684,3581
2022,101,414,686,3576
2022,102,406,674,3347
2022,102,405,670,3323
2022,104,412,680,3325
2022,101,398,644,3301
2022,101,396,630,3310
2022,100,394,622,3312
2022,101,395,628,3357
2022,100,390,626,3277
2022,101,393,637,3284
2022,100,388,631,3213
2022,100,397,640,3210
2022,100,402,648,3234
2022,101,400,651,3224
2022,100,396,643,3274
2022,103,408,666,3246
2022,103,411,666,3278
2022,104,413,674,3285
2022,101,394,643,3238
2022,98,381,624,3157
2022,99,391,632,3456
2022,97,371,618,3471
2022,95,361,617,3549
2022,98,374,637,3559
2022,100,373,646,3586
2022,104,396,669,3674
2022,104,412,679,3716
2022,104,411,685,3640
2022,106,421,689,3835
2022,103,412,680,3779
2022,106,413,686,3702
2022,107,424,690,3749
2022,109,442,693,3572
2022,108,437,691,3556
2022,108,431,687,3464
2022,106,426,687,3451
2022,106,421,685,3463
2022,108,433,685,3474
2022,109,431,685,3436
2022,107,429,682,3347
2022,106,415,661,3356
2022,106,422,662,3233
2022,108,439,667,3194
2022,105,430,650,3143
2022,107,440,667,3140
2022,106,433,649,3066
2022,107,429,652,3135
2022,108,428,653,3031
2022,105,419,643,3052
2022,110,427,665,3130
2022,113,438,673,3154
2022,113,439,673,3009
2022,113,429,674,2976
2022,113,436,678,2865
2022,109,434,674,2834
2022,109,440,670,2827
2022,107,421,669,2792
2022,107,411,667,2698
2022,108,422,664,2724
2022,107,414,653,2711
2022,107,418,649,2684
2022,108,424,639,2660
2022,108,415,630,2569
2022,100,392,617,2550
2022,96,389,603,2549
2022,95,382,598,2560
2022,96,387,586,2551
2022,94,381,582,2499
2022,93,376,588,2496
2022,93,369,590,2451
2022,92,368,585,2451
2022,90,367,586,2424
2022,88,351,576,2405
2022,91,349,584,2383
2022,90,349,589,2354
2022,90,347,574,2366
2022,91,356,577,2373
2022,89,358,566,2293
2022,90,362,575,2274
2022,86,341,555,2273
2022,86,345,553,2246
2022,85,341,552,2262
2022,87,341,579,2232
2022,87,339,565,2191
2022,88,344,576,2220
2022,88,344,578,2205
2022,87,330,572,2182
2022,85,322,568,2161
2022,84,318,559,2110
2022,84,316,550,2089
2022,88,339,576,2162
2022,86,322,550,2080
2022,91,334,555,2096
2022,90,336,546,2083
2022,96,358,563,2185
2022,100,358,562,2196
2022,99,366,564,2080
2022,102,386,573,2203
2022,104,400,572,2219
2022,109,404,576,2177
2022,107,404,572,2228
2022,108,409,579,2225
2022,107,407,562,2190
2022,108,410,573,2209
2022,106,411,570,2151
2022,106,423,551,2168
2022,105,417,539,2166
2022,104,409,548,2080
2022,105,408,552,2046
2022,100,397,528,2074
2022,101,401,540,2160
2022,102,413,548,2171
2022,117,429,631,2220
2022,112,417,600,2115
2022,118,436,631,2181
2022,119,428,642,2185
2022,110,391,602,2106
2022,110,388,600,2054
2022,112,406,625,2045
2022,117,423,649,2119
2022,116,423,645,2110
2022,125,444,678,2198
2022,128,444,690,2248
2022,128,462,708,2255
2022,126,462,712,2254
2022,130,484,732,2340
2022,127,483,727,2332
2022,126,489,729,2379
2022,125,492,721,2334
2022,123,493,721,2395
2022,122,496,716,2284
2022,128,514,723,2273
2022,130,540,734,2286
2022,131,545,739,2184
2022,133,541,746,2168
2022,134,545,768,2234
2022,132,547,766,2199
2022,132,542,756,2197
2022,136,576,767,2180
2022,137,582,757,2171
2022,135,575,728,2099
2022,137,581,737,2160
2022,134,587,733,2140
2022,134,588,733,2066
2022,132,571,732,2044
2022,131,570,733,2015
2022,131,600,718,1995
2022,133,631,754,1917
2022,134,630,730,1910
2022,134,623,721,1867
2022,135,622,715,1833
2022,133,608,704,1811
2022,130,593,697,1832
2022,130,590,681,1803
2022,130,577,685,1820
2022,127,573,655,1758
2022,123,560,641,1701
2022,130,591,665,1736
2022,130,589,670,1734
2022,131,594,651,1743
2022,126,588,627,1657
2022,127,590,630,1602
2022,129,620,637,1564
2022,128,584,632,1615
2022,130,606,655,1644
2022,129,600,645,1642
2022,122,574,627,1644
2022,115,534,599,1619
2022,107,518,569,1544
2022,114,519,615,1689
2022,114,516,622,1668
2022,118,512,623,1685
2022,119,530,633,1736
2022,119,533,638,1731
2022,119,529,638,1738
2022,121,534,641,1744
2022,119,521,627,1664
2022,125,543,671,1764
2022,125,547,673,1786
2022,122,542,663,1783
2022,122,527,660,1716
2022,118,523,651,1732
2022,118,525,657,1757
2022,117,513,653,1752
2022,117,514,660,1779
2022,117,511,654,1747
2022,109,489,629,1715
2022,108,490,628,1694
2022,109,489,626,1686
2022,111,486,631,1741
2022,110,478,622,1716
2022,117,507,666,1828
2022,121,503,683,1866
2022,121,505,675,1849
2022,119,496,680,1841
2022,123,506,699,1878
2022,121,506,683,1870
2022,122,508,688,1853
2022,115,498,657,1830
2022,113,486,646,1844
2022,117,493,672,1753
2022,116,494,673,1699
2022,116,479,674,1713
2022,118,475,695,1715
2022,115,476,670,1719
2022,114,478,667,1717
2021,111,476,656,1709
2021,110,450,646,1696
2021,112,454,656,1718
2021,113,458,657,1751
2021,112,453,653,1730
2021,112,459,651,1698
2021,113,461,650,1676
2021,113,463,661,1658
2021,111,445,658,1621
2021,107,433,643,1590
2021,113,450,660,1645
2021,115,451,662,1702
2021,115,458,659,1695
2021,117,462,670,1720
2021,117,458,671,1720
2021,118,455,680,1740
2021,118,456,674,1722
2021,117,457,673,1716
2021,115,443,661,1678
2021,111,421,643,1646
2021,112,425,645,1708
2021,111,432,647,1732
2021,108,425,637,1693
2021,107,413,608,1663
2021,111,420,626,1665
2021,111,417,629,1670
2021,117,447,681,1763
2021,118,452,683,1755
2021,119,450,683,1708
2021,117,442,657,1676
2021,119,440,651,1689
2021,122,445,662,1706
2021,123,446,665,1712
2021,125,456,662,1750
2021,129,469,671,1705
2021,130,454,667,1665
2021,130,450,662,1656
2021,134,465,677,1635
2021,134,470,686,1568
2021,133,473,679,1489
2021,133,478,680,1486
2021,131,468,673,1473
2021,136,478,689,1445
2021,132,460,669,1424
2021,130,469,667,1399
2021,133,480,685,1567
2021,134,486,694,1544
2021,129,473,674,1532
2021,130,470,668,1543
2021,131,494,674,1595
2021,134,513,685,1590
2021,137,534,692,1569
2021,141,543,716,1616
2021,138,516,693,1646
2021,135,508,681,1570
2021,133,499,674,1554
2021,131,488,672,1540
2021,130,474,666,1548
2021,129,478,667,1521
2021,128,476,659,1480
2021,132,495,679,1528
2021,132,506,681,1527
2021,130,484,674,1459
2021,129,488,668,1468
2021,130,494,680,1486
2021,128,478,661,1487
2021,127,481,649,1531
2021,127,479,659,1462
2021,132,483,677,1474
2021,131,463,679,1438
2021,129,451,669,1441
2021,125,444,633,1419
2021,139,473,682,1480
2021,144,483,689,1503
2021,146,487,697,1517
2021,145,478,694,1513
2021,146,478,694,1532
2021,145,464,689,1545
2021,143,456,687,1556
2021,143,462,684,1558
2021,144,469,687,1582
2021,144,461,691,1566
2021,143,457,685,1571
2021,141,458,677,1565
2021,145,468,688,1588
2021,144,448,687,1517
2021,138,438,678,1506
2021,138,424,672,1476
2021,139,431,684,1475
2021,140,421,692,1438
2021,136,407,684,1397
2021,138,404,685,1430
2021,150,427,737,1460
2021,150,437,744,1442
2021,152,442,762,1430
2021,146,442,749,1437
2021,144,437,749,1443
2021,143,437,749,1437
2021,137,427,722,1447
2021,141,435,747,1493
2021,143,442,757,1537
2021,145,443,763,1432
2021,142,443,747,1430
2021,141,449,740,1443
2021,141,446,747,1438
2021,143,445,737,1420
2021,146,458,748,1400
2021,137,416,722,1400
2021,133,417,711,1397
2021,130,400,705,1404
2021,128,392,718,1402
2021,127,394,717,1417
2021,123,383,682,1366
2021,127,397,698,1381
2021,128,406,704,1396
2021,126,401,699,1408
2021,124,392,700,1402
2021,123,392,701,1418
2021,123,388,694,1421
2021,124,390,682,1431
2021,119,383,668,1426
2021,122,394,690,1426
2021,117,385,673,1415
2021,116,390,673,1394
2021,114,376,671,1422
2021,116,379,681,1490
2021,117,372,684,1508
2021,117,374,686,1524
2021,118,382,695,1526
2021,117,376,690,1519
2021,111,369,679,1509
2021,110,368,666,1505
2021,111,368,675,1542
2021,111,368,673,1540
2021,109,371,671,1488
2021,110,369,696,1368
2021,114,380,705,1448
2021,117,391,725,1539
2021,116,395,729,1501
2021,116,393,731,1602
2021,111,385,706,1612
2021,110,383,698,1595
2021,111,388,708,1636
2021,113,395,716,1624
2021,112,395,721,1701
2021,112,399,714,1583
2021,112,399,706,1547
2021,110,395,695,1416
2021,113,394,711,1316
2021,110,388,690,1303
2021,110,386,682,1326
2021,108,381,682,1323
2021,111,391,701,1283
2021,109,389,681,1307
2021,111,390,698,1315
2021,111,385,695,1302
2021,116,403,706,1295
2021,118,402,717,1327
2021,115,393,714,1289
2021,113,383,707,1220
2021,118,399,708,1286
2021,123,413,734,1304
2021,122,426,759,1304
2021,118,401,757,1299
2021,110,386,730,1287
2021,107,367,718,1268
2021,106,363,715,1263
2021,106,370,723,1256
2021,103,364,718,1159
2021,103,372,727,1182
2021,97,363,663,1185
2021,98,366,666,1191
2021,94,348,656,1173
2021,93,350,635,1158
2021,92,356,641,1158
2021,89,359,621,1143
2021,89,361,616,1136
2021,89,370,619,1159
2021,90,354,629,1130
2021,88,349,630,1106
2021,85,336,604,1074
2021,90,361,621,1201
2021,92,365,614,1163
2021,87,352,562,1166
2021,86,350,537,1225
2021,87,351,518,1138
2021,86,350,509,1107
2021,81,327,468,1031
2021,80,326,467,1032
2021,77,327,445,988
2021,72,314,438,982
2021,70,318,437,1025
2021,74,332,442,1058
2021,74,340,445,991
2021,73,335,441,890
2021,70,332,423,871
2021,70,326,423,874
2021,72,334,426,898
2021,74,334,430,896
2021,72,330,419,894
2021,72,340,414,898
2021,71,333,402,905
2021,74,337,408,910
2021,73,338,406,910
2021,76,349,414,918
2021,78,359,428,915
2021,74,345,413,873
2021,73,344,405,852
2021,72,340,395,834
2021,74,351,422,844
2021,73,333,408,805
2021,73,333,413,800
2021,68,316,406,806
2021,67,308,396,782
2021,70,310,408,808
2021,70,304,409,785
2021,70,303,408,780
2021,67,291,404,763
2021,68,291,404,719
2021,69,295,409,659
2021,69,279,411,651
2021,70,278,406,630
2021,70,279,418,628
2021,69,262,402,595
2021,66,262,400,590
2021,65,257,393,567
2021,64,255,389,564
2021,64,241,381,537
2021,60,226,367,507
2021,62,229,376,512
2021,63,231,376,513
2021,65,240,382,514
2021,65,239,375,527
2021,67,249,393,537
2021,69,252,401,547
2021,68,252,395,530
2021,67,243,383,508
2021,71,253,394,527
2021,71,261,396,532
2021,71,263,403,536
2021,69,264,400,525
2021,70,265,399,519
2021,71,268,403,518
2021,72,273,405,518
2021,68,259,402,491
2021,68,250,395,494
2021,69,254,403,495
2021,64,238,390,491
2020,64,241,387,480
2020,64,237,386,484
2020,63,236,382,489
2020,63,240,387,491
2020,62,237,366,474
2020,62,236,367,464
2020,60,232,362,459
2020,60,232,354,429
2020,63,250,364,455
2020,64,246,366,459
2020,64,251,371,463
2020,64,245,366,462
2020,63,246,358,455
2020,62,244,360,450
2020,61,243,362,447
2020,61,241,362,449
2020,61,246,363,452
2020,61,251,365,458
2020,62,253,370,446
2020,62,242,371,448
2020,60,232,368,454
2020,59,229,358,422
2020,58,226,350,398
2020,57,230,359,402
2020,54,223,338,399
2020,55,226,341,407
2020,54,218,338,409
2020,53,216,336,388
2020,52,214,331,386
2020,52,219,343,395
2020,52,214,341,394
2020,49,209,342,371
2020,49,211,343,369
2020,47,209,338,366
2020,47,204,343,360
2020,44,192,335,360
2020,44,195,333,358
2020,43,188,326,352
2020,43,187,328,353
2020,40,177,318,352
2020,41,180,315,345
2020,40,171,309,341
2020,41,171,309,340
2020,40,168,307,329
2020,40,170,306,319
2020,41,174,309,314
2020,41,172,308,307
2020,42,182,321,315
2020,41,184,326,312
2020,40,186,323,312
2020,39,181,319,322
2020,40,183,314,317
2020,39,180,311,307
2020,37,174,292,307
2020,38,174,291,313
2020,37,173,290,313
2020,37,172,285,315
2020,37,170,292,313
2020,37,174,293,316
2020,37,173,291,330
2020,38,177,291,327
2020,38,179,290,327
2020,37,174,282,308
2020,36,175,278,297
2020,37,176,284,298
2020,36,168,277,296
2020,35,162,268,280
2020,34,159,259,270
2020,36,165,268,284
2020,37,163,272,280
2020,37,167,271,277
2020,40,180,288,292
2020,40,176,287,294
2020,40,184,289,297
2020,41,177,290,289
2020,40,176,290,293
2020,41,179,288,296
2020,41,177,285,298
2020,42,183,287,283
2020,41,180,281,278
2020,42,188,287,285
2020,42,188,282,285
2020,44,192,293,291
2020,44,196,293,293
2020,43,194,287,281
2020,41,185,270,280
2020,42,194,281,288
2020,43,195,289,287
2020,43,194,286,286
2020,42,191,285,308
2020,43,193,286,249
2020,43,196,282,233
2020,43,199,283,234
2020,43,197,279,240
2020,43,196,277,214
2020,43,193,270,198
2020,42,185,265,196
2020,41,184,259,201
2020,41,176,257,198
2020,42,179,254,196
2020,41,179,245,196
2020,40,178,240,193
2020,40,178,240,186
2020,40,176,235,180
2020,37,162,228,182
2020,37,161,221,172
2020,37,163,220,175
2020,37,162,214,175
2020,37,164,218,179
2020,36,165,215,174
2020,35,158,207,166
2020,35,156,205,169
2020,35,162,209,170
2020,35,160,207,169
2020,36,160,210,167
2020,35,161,207,161
2020,35,162,207,152
2020,34,166,201,149
2020,34,165,195,148
2020,34,164,194,150
2020,34,169,198,156
2020,34,164,193,160
2020,34,165,197,163
2020,33,155,195,163
2020,33,152,191,168
2020,34,154,194,164
2020,33,146,191,160
2020,33,148,194,158
2020,32,148,191,158
2020,33,146,189,156
2020,32,146,191,160
2020,32,151,193,162
2020,32,147,194,162
2020,33,151,194,155
2020,33,158,202,157
2020,33,150,198,155
2020,32,151,194,153
2020,32,151,193,148
2020,31,148,192,147
2020,31,150,190,146
2020,31,146,184,149
2020,32,146,189,152
2020,31,144,185,152
2020,32,147,191,152
2020,33,143,190,152
2020,33,146,195,153
2020,34,149,197,152
2020,32,143,192,148
2020,32,143,193,151
2020,32,141,192,150
2020,32,139,194,151
2020,30,139,184,148
2020,30,138,184,143
2020,29,133,185,141
2020,28,129,176,140
2020,27,125,166,138
2020,28,130,170,138
2020,28,121,171,141
2020,27,117,169,140
2020,27,115,163,136
2020,27,119,174,141
2020,27,117,175,141
2020,28,124,182,141
2020,27,121,178,140
2020,28,120,175,140
2020,27,117,169,137
2020,28,118,172,135
2020,28,119,166,133
2020,27,116,164,133
2020,27,116,164,132
2020,30,130,181,141
2020,28,116,164,140
2020,27,109,159,139
2020,27,108,157,135
2020,27,104,153,135
2020,27,111,160,141
2020,27,108,161,138
2020,27,107,160,136
2020,29,116,168,147
2020,29,124,177,144
2020,29,121,171,143
2020,29,115,171,145
2020,28,114,168,146
2020,28,108,166,142
2020,27,101,155,138
2020,28,104,158,138
2020,25,89,141,129
2020,27,92,143,134
2020,27,96,146,138
2020,25,89,142,129
2020,28,92,151,128
2020,28,95,150,140
2020,29,95,152,132
2020,27,89,147,130
2020,27,88,144,121
2020,30,106,176,138
2020,27,100,163,129
2020,28,109,164,130
2020,28,115,176,133
2020,29,116,186,135
2020,33,127,215,149
2020,29,120,203,162
2020,30,138,224,196
2020,32,143,229,200
2020,35,150,239,215
2020,38,156,247,222
2020,38,161,246,221
2020,39,159,246,226
2020,36,150,235,219
2020,38,156,236,219
2020,41,168,252,234
2020,42,170,261,243
2020,42,174,263,246
2020,42,179,259,247
2020,44,190,282,259
2020,43,188,281,254
2020,43,184,285,249
2020,44,190,288,253
2020,43,194,289,256
2020,44,195,293,251
2020,45,194,294,250
2020,44,194,289,245
2020,44,191,278,245
2020,47,197,279,240
2020,48,194,276,237
2020,48,196,269,236
2020,45,189,258,225
2020,44,182,252,221
2020,42,184,245,223
2020,44,189,251,229
2020,45,193,257,232
2020,45,198,261,232
2020,45,196,255,230
2020,46,198,263,231
2020,48,205,272,230
2020,48,205,267,230
2020,48,204,266,226
2020,48,205,267,224
2020,49,207,271,227
2020,50,210,273,228
2020,49,210,277,220
2020,50,214,283,217
2020,50,212,281,214
2020,50,211,279,214
2020,49,212,278,209
2020,48,211,278,208
2020,48,207,263,202
2020,48,209,265,204
2020,47,209,264,200
2020,48,216,272,208
2020,48,220,276,211
2020,47,214,268,208
2019,47,216,270,208
2019,47,218,271,209
2019,47,215,269,209
2019,47,215,269,209
2019,46,216,267,209
2019,46,215,264,215
2019,46,216,265,219
2019,45,216,265,211
2019,44,214,264,208
2019,44,214,259,211
2019,42,207,253,211
2019,43,208,258,212
2019,42,201,256,210
2019,41,197,250,206
2019,40,199,251,204
2019,41,199,259,207
2019,40,198,254,207
2019,40,199,251,208
2019,41,201,260,212
2019,40,196,257,208
2019,42,201,268,209
2019,43,200,262,215
2019,43,204,264,213
2019,42,203,253,214
2019,42,199,253,211
2019,42,199,260,215
2019,40,190,251,203
2019,39,189,245,206
2019,40,191,249,206
2019,40,192,248,200
2019,41,194,250,201
2019,39,188,245,204
2019,39,189,246,202
2019,40,193,249,198
2019,40,200,252,211
2019,40,204,250,208
2019,40,205,253,209
2019,40,202,248,208
2019,40,199,246,201
2019,41,198,250,201
2019,40,194,238,200
2019,38,188,228,200
2019,39,187,234,196
2019,39,184,234,196
2019,37,182,219,183
2019,36,182,217,181
2019,36,181,223,179
2019,36,185,223,176
2019,35,186,220,179
2019,36,187,223,175
2019,36,189,223,163
2019,35,188,220,160
2019,35,193,220,155
2019,34,189,221,147
2019,34,187,217,137
2019,33,182,214,137
2019,34,186,213,139
2019,32,182,208,136
2019,33,182,215,140
2019,34,183,222,144
2019,35,190,223,144
2019,36,191,230,146
2019,36,191,232,149
2019,38,196,235,153
2019,36,190,234,148
2019,37,198,233,148
2019,38,200,244,152
2019,37,202,238,149
2019,34,196,220,143
2019,36,198,221,144
2019,35,198,216,144
2019,36,200,226,146
2019,37,200,226,146
2019,37,197,222,143
2019,37,193,228,144
2019,35,189,220,141
2019,36,188,218,138
2019,35,185,216,136
2019,34,182,215,135
2019,33,178,210,135
2019,34,184,217,137
2019,34,180,212,132
2019,34,178,206,136
2019,35,181,213,137
2019,34,179,214,135
2019,35,180,221,131
2019,33,177,217,127
2019,34,177,219,132
2019,36,179,225,136
2019,36,181,226,136
2019,36,180,227,133
2019,36,181,228,131
2019,35,176,220,130
2019,36,176,221,132
2019,37,181,222,131
2019,38,176,212,126
2019,40,181,218,128
2019,40,176,218,125
2019,41,180,225,128
2019,42,183,225,125
2019,43,191,237,129
2019,42,190,230,125
2019,43,193,241,129
2019,45,198,250,132
2019,44,197,249,129
2019,45,197,255,130
2019,46,203,263,134
2019,47,202,264,132
2019,46,196,259,131
2019,47,201,266,134
2019,48,203,272,138
2019,48,199,274,140
2019,47,200,271,138
2019,47,199,268,140
2019,46,198,267,141
2019,45,194,255,139
2019,47,198,262,141
2019,47,198,262,139
2019,48,199,267,147
2019,50,207,275,156
2019,51,209,277,156
2019,51,209,276,155
2019,51,209,276,154
2019,50,207,277,151
2019,51,206,277,153
2019,51,208,277,154
2019,50,203,267,151
2019,49,198,258,148
2019,50,198,267,147
2019,50,194,269,148
2019,49,190,261,143
2019,47,190,264,148
2019,47,194,260,148
2019,50,198,271,152
2019,50,200,274,153
2019,51,199,271,153
2019,49,200,273,154
2019,49,198,267,150
2019,48,195,262,151
2019,48,195,267,153
2019,50,198,274,158
2019,50,199,275,159
2019,49,197,272,155
2019,49,199,277,158
2019,49,199,281,155
2019,51,202,293,158
2019,51,201,288,157
2019,48,196,288,156
2019,46,192,276,161
2019,47,198,277,158
2019,47,196,279,155
2019,48,199,286,152
2019,47,192,276,119
2019,47,195,276,119
2019,46,191,269,117
2019,47,193,281,123
2019,47,192,277,118
2019,49,196,287,120
2019,52,198,285,120
2019,52,200,289,121
2019,53,200,288,122
2019,54,199,297,126
2019,55,205,309,128
2019,56,205,307,127
2019,56,206,308,127
2019,55,201,294,131
2019,51,197,287,135
2019,53,201,292,136
2019,52,200,288,133
2019,53,200,291,135
2019,54,207,299,139
2019,55,215,291,143
2019,55,213,292,143
2019,53,210,287,141
2019,54,211,287,141
2019,54,212,289,143
2019,55,217,292,146
2019,55,214,290,142
2019,55,215,294,147
2019,53,210,288,148
2019,54,216,290,148
2019,53,217,287,152
2019,54,216,292,151
2019,52,206,293,147
2019,51,202,288,138
2019,52,208,288,138
2019,52,209,281,138
2019,52,205,279,134
2019,52,209,286,138
2019,51,207,282,139
2019,53,202,289,142
2019,53,200,295,144
2019,52,199,288,142
2019,52,201,287,146
2019,51,202,286,147
2019,53,203,292,148
2019,52,201,293,139
2019,51,196,286,138
2019,52,201,290,137
2019,52,203,290,139
2019,52,199,291,142
2019,51,196,282,134
2019,50,196,281,129
2019,51,196,284,132
2019,50,197,285,132
2019,51,197,288,132
2019,50,196,286,128
2019,50,194,277,119
2019,49,193,274,120
2019,47,187,267,118
2019,47,185,262,118
2019,47,187,267,120
2019,48,192,281,118
2019,48,198,271,120
2019,49,198,272,117
2019,48,199,262,118
2019,47,206,263,124
2019,49,209,273,124
2019,49,211,279,123
2019,46,205,274,124
2019,48,204,274,123
2019,47,211,275,143
2019,48,209,275,137
2019,47,206,269,140
2019,44,200,271,141
2019,45,200,268,136
2019,45,204,275,137
2019,46,205,284,143
2019,46,205,281,143
2019,46,204,278,146
2019,47,208,285,146
2019,47,209,286,147
2019,47,206,289,149
2019,47,208,286,148
2019,48,209,292,149
2019,47,206,284,148
2019,47,206,289,152
2019,48,204,289,151
2019,48,206,291,149
2019,49,207,294,153
2019,49,209,290,151
2019,49,211,288,153
2019,48,209,283,153
2019,49,215,289,155
2019,52,223,304,157
2018,52,226,307,161
2018,51,224,298,162
2018,51,221,293,162
2018,51,219,296,161
2018,51,218,292,159
2018,52,224,308,159
2018,52,224,309,159
2018,53,227,311,160
2018,53,225,305,158
2018,52,225,300,158
2018,51,220,293,157
2018,51,220,298,156
2018,52,221,302,156
2018,50,216,301,152
2018,50,218,294,143
2018,51,219,302,153
2018,51,218,305,151
2018,52,221,304,157
2018,54,233,313,163
2018,54,233,315,167
2018,53,226,314,165
2018,53,225,317,170
2018,52,216,309,158
2018,52,220,311,159
2018,53,219,318,157
2018,54,218,320,159
2018,55,223,326,161
2018,56,222,328,160
2018,58,234,337,162
2018,57,230,335,161
2018,59,234,345,163
2018,59,230,340,161
2018,59,232,348,162
2018,58,229,345,160
2018,57,239,348,166
2018,58,244,352,166
2018,58,243,351,164
2018,58,242,354,169
2018,57,240,353,176
2018,56,231,343,175
2018,55,220,339,170
2018,56,224,336,169
2018,57,224,340,172
2018,55,221,337,167
2018,55,222,353,172
2018,55,230,352,168
2018,55,220,348,170
2018,54,224,355,169
2018,56,227,364,169
2018,55,228,362,162
2018,57,231,374,158
2018,57,232,377,152
2018,58,227,380,144
2018,56,217,362,138
2018,58,227,377,144
2018,57,224,371,136
2018,56,223,376,133
2018,57,241,367,130
2018,58,252,378,133
2018,58,254,383,135
2018,58,243,381,137
2018,58,230,382,131
2018,61,244,400,142
2018,61,248,408,137
2018,60,243,404,138
2018,61,240,400,135
2018,63,240,408,138
2018,62,236,417,147
2018,61,234,407,148
2018,62,241,412,152
2018,62,245,408,151
2018,61,238,400,149
2018,59,232,395,148
2018,61,236,401,151
2018,62,243,407,157
2018,60,235,399,164
2018,59,240,398,150
2018,59,235,391,150
2018,60,239,397,150
2018,60,238,396,160
2018,61,240,398,159
2018,59,237,399,159
2018,59,239,366,163
2018,58,230,356,151
2018,58,222,355,148
2018,57,221,340,150
2018,58,226,342,152
2018,60,227,342,151
2018,58,220,334,144
2018,57,216,328,144
2018,58,221,341,144
2018,57,222,342,138
2018,58,223,340,142
2018,59,227,343,142
2018,58,221,343,142
2018,57,219,341,135
2018,55,216,337,141
2018,55,212,337,141
2018,55,208,332,140
2018,56,208,328,137
2018,56,213,330,139
2018,55,211,328,138
2018,55,213,323,139
2018,53,207,312,141
2018,54,209,317,142
2018,53,208,318,132
2018,52,196,307,122
2018,50,196,304,116
2018,50,198,304,107
2018,50,212,296,101
2018,53,220,307,98
2018,52,213,308,95
2018,56,219,316,94
2018,56,220,317,88
2018,56,221,313,88
2018,57,229,317,81
2018,56,222,313,79
2018,55,220,309,79
2018,55,220,310,75
2018,57,224,312,77
2018,57,226,312,76
2018,56,223,313,75
2018,57,231,327,80
2018,55,221,322,78
2018,54,218,318,82
2018,55,223,323,92
2018,56,218,332,90
2018,56,222,337,93
2018,56,222,333,92
2018,56,226,335,94
2018,56,226,328,92
2018,56,231,327,96
2018,57,237,333,94
2018,57,245,339,95
2018,57,245,343,92
2018,58,241,341,91
2018,59,245,341,91
2018,60,242,343,90
2018,60,249,344,89
2018,58,248,338,84
2018,57,242,329,82
2018,57,242,332,83
2018,56,239,332,85
2018,58,234,332,86
2018,58,238,333,88
2018,58,243,332,88
2018,58,242,327,92
2018,57,246,326,89
2018,55,234,314,85
2018,54,230,310,83
2018,58,235,318,87
2018,58,228,309,84
2018,59,232,319,84
2018,61,233,332,88
2018,62,240,337,88
2018,63,244,335,88
2018,61,242,329,88
2018,61,243,324,91
2018,59,241,320,90
2018,60,238,322,92
2018,60,239,324,93
2018,60,238,326,91
2018,58,231,317,90
2018,59,232,319,90
2018,57,228,315,92
2018,60,236,325,100
2018,59,235,328,101
2018,58,234,328,100
2018,59,232,322,98
2018,60,237,325,98
2018,61,256,322,99
2018,61,262,323,98
2018,62,265,323,101
2018,60,243,310,97
2018,60,239,309,99
2018,59,239,309,100
2018,59,238,309,99
2018,60,233,308,97
2018,61,234,312,103
2018,60,230,311,105
2018,59,221,309,105
2018,59,214,308,106
2018,58,214,308,105
2018,56,201,296,95
2018,58,208,303,101
2018,58,211,297,100
2018,57,215,288,98
2018,59,219,299,100
2018,58,211,294,102
2018,57,206,286,95
2018,58,217,286,100
2018,58,215,288,101
2018,59,217,286,101
2018,58,215,284,100
2018,60,222,290,100
2018,61,225,295,104
2018,62,227,300,102
2018,63,226,304,100
2018,62,228,298,101
2018,61,220,292,97
2018,64,223,289,106
2018,65,224,290,108
2018,66,226,294,116
2018,66,230,292,125
2018,68,241,306,124
2018,67,245,312,127
2018,67,244,318,129
2018,68,246,316,128
2018,68,247,307,128
2018,64,240,298,127
2018,64,241,298,123
2018,65,249,306,124
2018,65,248,303,127
2018,69,248,312,130
2018,70,252,308,134
2018,71,243,310,137
2018,71,243,311,136
2018,69,244,309,131
2018,67,245,304,128
2018,66,246,290,123
2018,66,244,283,122
2018,66,247,291,125
2018,67,250,299,123
2018,70,256,303,134
2018,71,256,290,133
2018,74,254,289,132
2018,75,259,293,133
2018,73,259,291,134
2018,73,259,289,128
2018,74,265,294,128
2018,72,255,279,124
2018,72,258,282,125
2018,72,254,280,122
2018,74,263,285,128
2018,73,261,281,122
2018,75,267,285,124
2018,73,269,287,125
2018,73,268,283,126
2018,74,269,283,124
2018,74,272,284,122
2018,73,276,286,123
2018,73,276,285,121
2018,72,280,277,114
2018,70,277,269,110
2018,69,272,265,102
2018,69,271,266,104
2017,70,274,270,104
2017,70,275,271,103
2017,69,266,265,104
2017,69,269,267,102
2017,68,268,265,102
2017,68,263,265,102
2017,67,258,262,101
2017,68,254,256,100
2017,67,250,254,100
2017,66,243,251,97
2017,65,236,242,93
2017,65,234,244,92
2017,66,238,250,95
2017,67,238,252,96
2017,66,240,252,94
2017,66,237,251,92
2017,64,232,242,89
2017,64,240,248,91
2017,66,240,252,89
2017,65,235,252,89
2017,66,240,255,92
2017,68,247,255,92
2017,67,251,256,93
2017,67,250,259,94
2017,68,252,265,96
2017,68,255,267,95
2017,68,258,269,99
2017,68,261,269,96
2017,67,261,266,100
2017,67,259,267,98
2017,65,255,259,90
2017,65,252,255,92
2017,65,261,267,97
2017,66,261,264,95
2017,67,264,271,98
2017,67,263,264,96
2017,66,263,262,95
2017,66,267,264,93
2017,67,273,268,93
2017,68,269,267,88
2017,67,271,266,83
2017,67,275,265,83
2017,67,267,258,83
2017,68,273,264,84
2017,69,270,265,81
2017,69,273,260,82
2017,68,267,260,80
2017,69,269,259,79
2017,68,272,260,79
2017,67,274,254,78
2017,68,275,259,77
2017,68,277,260,74
2017,68,271,260,73
2017,68,267,254,75
2017,66,264,256,75
2017,65,250,256,74
2017,66,252,260,75
2017,66,250,257,75
2017,66,251,258,77
2017,63,241,249,76
2017,63,242,248,72
2017,63,242,250,70
2017,62,241,248,73
2017,62,238,239,72
2017,62,234,237,71
2017,62,235,242,74
2017,61,229,237,73
2017,62,231,247,76
2017,65,245,255,80
2017,66,244,259,81
2017,64,247,262,82
2017,64,250,263,82
2017,65,248,268,82
2017,65,247,266,82
2017,65,248,264,82
2017,65,251,270,84
2017,63,250,266,82
2017,62,250,263,80
2017,62,250,264,81
2017,62,246,263,82
2017,62,242,256,83
2017,62,242,255,82
2017,62,244,257,85
2017,61,238,254,83
2017,61,236,259,80
2017,60,227,247,74
2017,61,234,245,74
2017,61,233,246,68
2017,60,231,240,69
2017,59,229,232,66
2017,59,225,234,67
2017,60,230,237,70
2017,60,230,235,71
2017,60,234,238,72
2017,59,229,232,73
2017,57,221,224,71
2017,58,238,223,72
2017,58,239,230,78
2017,59,235,231,86
2017,57,228,229,87
2017,55,225,228,86
2017,53,221,223,86
2017,54,228,220,89
2017,55,226,223,88
2017,54,220,221,86
2017,53,216,216,87
2017,53,221,215,86
2017,54,222,219,88
2017,53,220,215,87
2017,52,214,214,88
2017,53,215,215,88
2017,53,214,215,88
2017,54,213,220,87
2017,54,207,216,86
2017,53,209,218,87
2017,53,206,215,87
2017,54,205,213,88
2017,53,201,214,88
2017,53,201,214,83
2017,53,196,218,84
2017,53,195,216,84
2017,53,197,212,84
2017,52,199,212,84
2017,52,198,208,83
2017,52,197,205,85
2017,52,191,203,83
2017,51,192,205,83
2017,50,190,198,84
2017,49,188,194,82
2017,48,189,196,79
2017,49,192,198,82
2017,49,197,200,82
2017,50,202,200,82
2017,50,201,199,82
2017,48,195,195,82
2017,48,197,197,83
2017,48,200,198,82
2017,48,201,198,83
2017,48,201,199,82
2017,48,202,202,83
2017,48,198,199,81
2017,47,197,195,82
2017,47,195,192,80
2017,47,197,191,73
2017,47,197,195,73
2017,47,197,195,73
2017,48,201,194,73
2017,49,203,195,74
2017,48,201,196,70
2017,49,198,199,72
2017,46,191,193,73
2017,46,187,190,71
2017,47,192,194,71
2017,46,190,192,76
2017,47,191,194,76
2017,46,194,191,75
2017,47,199,207,76
2017,44,197,202,77
2017,43,198,202,76
2017,42,191,197,76
2017,42,194,195,75
2017,42,187,198,77
2017,41,186,192,74
2017,41,184,191,72
2017,41,186,190,71
2017,42,192,194,71
2017,42,197,193,70
2017,42,200,196,70
2017,43,199,199,68
2017,42,195,198,71
2017,43,197,199,74
2017,43,192,195,94
2017,43,191,193,94
2017,43,188,187,91
2017,43,186,189,91
2017,43,186,189,91
2017,43,184,187,90
2017,44,181,194,77
2017,44,183,191,73
2017,45,193,196,71
2017,47,196,199,76
2017,47,195,204,75
2017,47,194,200,73
2017,48,194,204,72
2017,47,198,196,72
2017,46,194,189,70
2017,46,195,188,68
2017,45,190,185,66
2017,46,192,183,65
2017,46,190,182,65
2017,45,189,179,65
2017,47,195,187,66
2017,47,194,187,65
2017,47,193,187,64
2017,47,198,192,65
2017,47,196,194,65
2017,48,196,192,65
2017,48,199,192,64
2017,46,191,184,63
2017,45,190,182,61
2017,45,188,176,59
2017,45,189,177,58
2017,45,190,178,59
2017,46,193,181,61
2017,47,200,185,60
2017,47,199,184,59
2017,47,189,184,58
2017,48,189,190,61
2017,46,184,187,62
2017,46,181,185,60
2017,46,182,187,60
2017,46,180,185,59
2017,47,182,187,61
2017,46,183,188,61
2017,45,184,185,59
2017,45,188,187,59
2017,44,184,183,58
2017,45,187,182,57
2017,45,185,188,57
2017,45,182,193,58
2017,44,184,194,58
2017,45,189,189,58
2017,45,186,189,57
2017,45,190,192,61
2017,45,192,192,59
2017,45,193,194,59
2017,45,199,197,57
2017,44,190,198,54
2017,44,192,197,58
2017,45,191,195,58
2017,45,191,196,50
2017,44,187,194,50
2017,44,182,194,49
2017,43,172,186,48
2017,45,176,193,50
2017,45,177,191,49
2017,43,171,187,49
2017,44,173,189,50
2017,43,172,189,49
2017,43,177,189,50
2017,43,175,188,50
2017,41,164,178,50
2017,40,158,176,49
2017,40,161,175,49
2017,40,162,176,49
2017,39,159,163,49
2017,38,159,164,48
2017,39,159,163,48
2016,37,155,163,48
2016,37,155,160,46
2016,37,154,159,44
2016,37,156,158,44
2016,36,152,153,44
2016,37,159,157,45
2016,37,161,157,45
2016,39,169,159,46
2016,38,167,159,45
2016,39,169,160,46
2016,39,170,162,46
2016,40,176,163,46
2016,40,176,163,44
2016,40,177,163,44
2016,40,182,162,44
2016,41,182,165,45
2016,41,179,166,44
2016,39,175,165,44
2016,40,175,164,44
2016,39,175,165,43
2016,39,169,166,42
2016,39,171,168,42
2016,40,176,173,42
2016,39,175,170,41
2016,39,179,172,41
2016,39,181,167,40
2016,38,180,161,39
2016,37,174,165,40
2016,36,167,164,39
2016,35,157,162,39
2016,37,165,169,40
2016,37,168,165,39
2016,37,163,170,39
2016,37,168,169,39
2016,41,172,172,40
2016,42,176,176,41
2016,38,162,168,39
2016,39,167,166,40
2016,39,168,160,39
2016,38,159,159,39
2016,38,163,160,40
2016,39,157,163,40
2016,40,157,166,42
2016,39,150,166,42
2016,39,150,166,42
2016,38,148,164,42
2016,38,150,167,42
2016,40,151,171,42
2016,41,151,171,45
2016,41,152,174,45
2016,41,155,174,44
2016,41,151,175,43
2016,40,152,178,43
2016,39,151,172,42
2016,39,155,174,42
2016,39,155,177,42
2016,40,161,181,43
2016,39,158,177,42
2016,37,158,176,42
2016,37,157,179,42
2016,37,154,178,42
2016,36,154,177,42
2016,36,153,173,41
2016,35,150,168,41
2016,36,157,178,44
2016,35,150,176,44
2016,35,154,176,44
2016,35,154,176,45
2016,36,155,176,45
2016,35,150,175,44
2016,35,146,176,44
2016,34,144,177,44
2016,34,143,173,43
2016,35,146,175,44
2016,36,143,175,45
2016,36,141,175,44
2016,38,155,182,46
2016,38,162,185,46
2016,37,160,185,45
2016,37,159,186,45
2016,36,157,178,44
2016,36,158,177,44
2016,35,159,175,45
2016,36,163,178,46
2016,36,158,177,45
2016,35,156,176,45
2016,35,154,175,46
2016,36,157,176,47
2016,37,156,176,46
2016,37,156,177,47
2016,37,159,179,48
2016,37,154,178,47
2016,37,156,177,46
2016,36,155,175,46
2016,36,146,173,47
2016,35,142,171,47
2016,35,146,171,50
2016,36,147,171,48
2016,36,149,173,49
2016,36,144,174,48
2016,36,137,171,48
2016,34,136,169,47
2016,34,136,167,49
2016,35,137,169,49
2016,34,134,168,50
2016,33,134,168,51
2016,35,134,174,52
2016,35,132,166,52
2016,35,135,163,50
2016,35,136,161,51
2016,35,134,161,51
2016,35,136,162,52
2016,35,138,163,50
2016,35,137,161,51
2016,36,137,164,51
2016,34,136,158,51
2016,34,136,156,51
2016,33,135,154,52
2016,31,129,151,52
2016,30,127,148,51
2016,30,128,146,52
2016,32,124,148,53
2016,32,126,147,54
2016,31,125,146,53
2016,31,123,146,54
2016,30,120,144,52
2016,30,118,143,51
2016,30,120,139,47
2016,30,117,138,46
2016,32,124,140,49
2016,32,122,139,48
2016,32,124,140,49
2016,32,121,140,50
2016,31,119,140,49
2016,31,119,141,49
2016,31,116,140,50
2016,31,116,141,49
2016,31,115,140,45
2016,32,115,142,47
2016,33,111,142,47
2016,33,109,140,47
2016,33,110,138,45
2016,32,107,137,45
2016,32,106,137,45
2016,32,106,138,47
2016,32,103,137,47
2016,32,105,139,45
2016,31,103,137,47
2016,31,92,138,46
2016,31,90,132,46
2016,31,89,130,44
2016,30,86,132,44
2016,30,87,132,44
2016,31,87,131,43
2016,31,87,132,45
2016,31,89,131,47
2016,31,89,129,47
2016,31,90,130,48
2016,31,89,127,46
2016,32,93,128,47
2016,31,92,129,46
2016,31,90,129,47
2016,31,92,133,48
2016,31,92,132,48
2016,32,90,132,49
2016,31,91,132,49
2016,33,97,136,54
2016,33,99,136,54
2016,33,96,137,54
2016,33,97,137,52
2016,34,102,136,54
2016,34,103,137,53
2016,33,98,135,52
2016,34,101,134,51
2016,34,102,135,52
2016,34,102,136,53
2016,32,97,133,52
2016,32,96,131,50
2016,31,92,130,49
2016,32,92,130,50
2016,31,88,127,49
2016,31,87,128,47
2016,31,89,129,47
2016,30,85,126,46
2016,31,89,126,50
2016,30,87,126,48
2016,30,88,128,46
2016,31,88,127,45
2016,29,84,123,42
2016,29,83,123,43
2016,30,91,125,44
2016,30,87,123,43
2016,29,86,122,43
2016,29,85,121,43
2016,28,81,120,42
2016,29,82,120,41
2016,29,84,120,42
2016,28,85,118,41
2016,28,84,118,41
2016,28,84,119,41
2016,28,81,118,41
2016,28,83,119,40
2016,27,79,119,39
2016,27,79,116,39
2016,25,75,113,39
2016,24,70,114,38
2016,24,69,113,37
2016,24,69,110,38
2016,24,67,113,38
2016,24,66,111,38
2016,24,69,112,38
2016,24,70,110,39
2016,24,69,108,39
2016,24,69,106,39
2016,24,66,105,39
2016,23,65,103,39
2016,24,67,104,41
2016,21,61,101,40
2016,21,64,100,42
2016,22,67,102,45
2016,22,70,100,47
2016,22,70,105,47
2016,22,71,104,46
2016,22,69,101,45
2016,21,67,97,45
2016,22,69,100,45
2016,24,71,105,47
2016,24,71,106,45
2016,24,70,109,45
2016,25,71,112,46
2016,24,72,111,46
2016,24,72,107,46
2016,22,68,103,43
2016,22,68,102,43
2016,23,72,100,45
2016,22,71,99,44
2016,22,72,97,46
2016,23,75,100,49
2016,23,77,100,50
2016,23,76,101,50
2016,24,78,102,51
2016,24,77,104,51
2016,24,77,103,50
2016,26,81,106,54
2016,26,83,108,55
2016,24,81,104,53
2016,25,85,103,56
2015,25,85,103,52
2015,25,85,103,52
2015,24,84,104,52
2015,24,85,103,52
2015,25,85,107,53
2015,25,84,105,51
2015,25,80,104,51
2015,25,81,105,51
2015,24,80,103,50
2015,24,81,105,50
2015,23,79,101,48
2015,23,79,101,49
2015,23,79,102,47
2015,23,76,97,45
2015,22,76,96,47
2015,22,74,94,47
2015,22,76,96,48
2015,23,79,97,50
2015,23,79,97,49
2015,23,79,98,51
2015,23,80,98,52
2015,23,80,94,51
2015,22,77,90,51
2015,22,78,87,51
2015,22,75,89,52
2015,21,74,89,50
2015,21,74,89,49
2015,22,77,90,49
2015,22,78,91,49
2015,22,77,89,49
2015,22,81,89,50
2015,22,79,91,48
2015,21,77,91,47
2015,21,80,88,48
2015,21,79,87,48
2015,21,80,89,50
2015,21,81,87,49
2015,21,81,87,51
2015,22,82,89,53
2015,22,82,89,55
2015,23,81,90,55
2015,23,84,91,58
2015,24,83,92,57
2015,24,85,91,57
2015,23,84,91,57
2015,24,85,91,57
2015,23,85,92,59
2015,23,86,91,59
2015,23,84,89,60
2015,24,87,89,59
2015,24,88,90,60
2015,24,88,91,60
2015,24,89,91,53
2015,23,86,92,53
2015,24,89,90,54
2015,24,84,91,52
2015,23,82,91,53
2015,23,82,92,53
2015,22,75,90,53
2015,21,74,91,51
2015,20,71,88,50
2015,20,71,89,50
2015,19,68,84,49
2015,20,71,87,50
2015,21,71,88,50
2015,21,73,87,50
2015,21,73,91,49
2015,22,78,93,51
2015,22,76,94,49
2015,22,77,95,47
2015,22,76,95,46
2015,23,79,99,48
2015,22,76,96,43
2015,23,77,98,43
2015,23,79,98,44
2015,22,73,94,43
2015,21,72,89,42
2015,21,74,90,43
2015,22,77,93,46
2015,21,74,89,44
2015,21,76,90,45
2015,21,80,92,47
2015,22,82,93,48
2015,22,81,93,50
2015,21,80,89,45
2015,20,80,89,45
2015,20,79,87,45
2015,23,86,95,51
2015,23,85,96,52
2015,24,86,97,54
2015,24,89,99,54
2015,24,91,97,55
2015,23,93,90,55
2015,22,91,86,54
2015,24,96,88,55
2015,24,103,90,58
2015,25,108,92,57
2015,25,110,92,56
2015,25,109,90,59
2015,25,108,89,62
2015,24,109,88,59
2015,24,106,83,53
2015,24,105,83,54
2015,24,105,85,55
2015,24,107,81,51
2015,24,106,81,50
2015,24,104,81,51
2015,25,109,85,53
2015,26,109,86,53
2015,27,108,86,53
2015,26,108,84,53
2015,27,109,85,55
2015,27,107,86,55
2015,27,107,87,56
2015,27,106,82,56
2015,27,105,83,56
2015,27,107,83,57
2015,27,105,83,56
2015,27,104,84,56
2015,27,102,85,56
2015,28,107,88,57
2015,28,109,88,57
2015,29,111,87,57
2015,29,111,89,57
2015,29,113,89,57
2015,29,112,87,57
2015,28,113,87,57
2015,28,117,89,59
2015,29,118,91,59
2015,29,117,89,61
2015,30,122,91,63
2015,30,121,91,61
2015,29,121,91,61
2015,29,120,88,62
2015,29,119,87,62
2015,28,115,84,60
2015,28,114,84,63
2015,28,117,84,59
2015,28,119,87,61
2015,29,120,89,63
2015,29,120,88,63
2015,29,118,87,62
2015,30,120,88,72
2015,29,121,88,73
2015,30,122,88,69
2015,31,123,88,398
2015,31,128,91,395
2015,31,129,92,441
2015,31,132,92,459
2015,31,134,92,494
2015,32,134,92,496
2015,32,135,91,491
2015,33,137,92,496
2015,33,139,92,487
2015,34,139,92,487
2015,35,140,92,481
2015,35,139,91,484
2015,35,137,88,461
2015,35,137,91,461
2015,34,134,89,451
2015,34,138,88,421
2015,36,143,90,442
2015,35,139,89,427
2015,35,134,89,406
2015,35,138,93,424
2015,36,139,97,447
2015,34,133,94,442
2015,34,129,93,421
2015,35,131,96,423
2015,35,131,95,408
2015,35,130,94,408
2015,35,131,96,412
2015,35,135,99,420
2015,33,135,96,412
2015,33,134,95,407
2015,33,138,96,401
2015,33,140,96,401
2015,32,137,94,400
2015,32,135,93,403
2015,33,136,94,413
2015,33,138,95,398
2015,33,140,95,400
2015,32,138,93,403
2015,32,137,94,400
2015,30,135,90,393
2015,31,132,91,382
2015,30,129,91,384
2015,31,131,91,386
2015,30,134,91,372
2015,30,130,88,376
2015,31,133,91,380
2015,31,133,90,369
2015,32,136,92,372
2015,31,132,92,381
2015,32,132,95,386
2015,32,133,94,402
2015,32,134,94,403
2015,31,127,92,400
2015,31,132,94,396
2015,32,135,95,409
2015,31,130,93,405
2015,32,138,94,405
2015,32,141,96,416
2015,33,148,99,437
2015,33,153,99,440
2015,34,159,100,451
2015,34,157,101,443
2015,34,153,101,436
2015,33,155,101,444
2015,33,150,99,430
2015,33,154,100,435
2015,34,154,102,445
2015,35,155,100,425
2015,36,157,102,429
2015,36,156,104,432
2015,35,152,97,416
2015,35,151,99,414
2015,35,154,99,420
2015,35,153,97,427
2015,35,150,98,413
2015,34,149,94,396
2015,33,147,94,380
2015,35,147,96,392
2015,36,148,98,389
2015,37,152,100,405
2015,36,146,99,401
2015,37,145,100,409
2015,37,140,98,392
2015,37,142,100,364
2015,37,140,100,348
2015,38,143,102,351
2015,38,145,102,352
2015,38,143,99,324
2015,38,143,100,316
2015,38,145,101,316
2015,37,140,98,316
2015,37,139,98,312
2015,37,142,97,313
2015,36,142,97,307
2015,37,152,99,310
2015,38,151,100,321
2015,38,155,101,316
2015,38,153,102,320
2015,37,149,101,307
2015,38,153,103,310
2015,40,157,107,313
2015,39,160,107,307
2015,39,158,107,306
2014,38,158,105,304
2014,38,156,104,300
2014,39,157,107,286
2014,38,152,105,283
2014,38,151,104,276
2014,38,153,104,277
2014,39,156,107,284
2014,39,158,106,282
2014,38,153,104,278
2014,37,147,103,273
2014,37,145,103,275
2014,38,153,109,278
2014,38,154,111,277
2014,40,156,111,276
2014,41,154,112,279
2014,42,154,111,276
2014,43,159,113,283
2014,44,163,116,285
2014,44,166,117,287
2014,44,169,117,290
2014,44,171,118,284
2014,44,167,117,282
2014,45,174,120,287
2014,44,173,120,285
2014,44,169,119,283
2014,44,166,119,290
2014,45,166,122,301
2014,44,160,119,299
2014,44,156,121,299
2014,45,155,121,301
2014,46,155,124,310
2014,46,158,124,309
2014,46,157,124,306
2014,45,152,121,301
2014,45,151,122,299
2014,46,151,125,303
2014,45,152,123,293
2014,45,156,121,297
2014,46,157,123,299
2014,47,164,125,304
2014,47,164,126,302
2014,45,160,125,294
2014,45,157,125,292
2014,43,148,121,289
2014,43,147,123,290
2014,44,149,120,296
2014,44,148,120,296
2014,43,148,118,288
2014,43,147,115,281
2014,43,139,113,275
2014,42,142,109,278
2014,43,151,114,283
2014,44,151,114,288
2014,43,150,114,288
2014,45,158,121,291
2014,43,149,117,288
2014,42,148,115,282
2014,43,155,118,290
2014,44,157,116,294
2014,44,160,121,298
2014,45,157,122,296
2014,44,149,118,294
2014,45,156,122,302
2014,46,157,121,303
2014,48,162,125,311
2014,49,164,128,309
2014,48,163,133,318
2014,47,161,131,309
2014,47,160,128,308
2014,48,164,133,310
2014,49,169,135,311
2014,49,173,134,314
2014,49,173,134,316
2014,49,173,134,316
2014,49,173,133,323
2014,49,168,131,318
2014,49,170,128,321
2014,50,175,129,311
2014,49,175,132,308
2014,50,176,132,305
2014,49,170,124,299
2014,50,172,125,301
2014,50,171,125,306
2014,49,165,124,311
2014,51,183,129,315
2014,51,178,127,311
2014,52,180,129,311
2014,52,181,129,310
2014,52,182,128,308
2014,52,179,127,304
2014,51,180,118,301
2014,52,185,117,298
2014,51,186,116,300
2014,51,184,115,284
2014,53,189,118,290
2014,52,192,117,284
2014,54,196,119,275
2014,53,191,118,270
2014,52,184,117,263
2014,53,192,118,271
2014,52,193,118,275
2014,52,188,119,270
2014,53,192,118,267
2014,54,198,122,276
2014,53,194,119,276
2014,54,188,121,278
2014,54,184,120,280
2014,54,185,122,284
2014,53,189,123,282
2014,52,182,120,281
2014,50,175,118,271
2014,49,173,115,260
2014,48,167,114,263
2014,50,176,120,278
2014,49,171,120,277
2014,49,169,119,283
2014,51,175,123,311
2014,51,173,127,311
2014,51,174,129,309
2014,52,178,129,308
2014,52,175,127,286
2014,50,164,124,284
2014,49,161,123,273
2014,50,165,122,281
2014,51,167,123,289
2014,51,167,125,290
2014,50,165,124,284
2014,50,164,122,280
2014,49,168,123,288
2014,50,167,123,300
2014,51,163,127,302
2014,50,161,124,296
2014,50,162,126,293
2014,52,169,130,305
2014,52,163,129,304
2014,53,170,131,310
2014,55,170,130,316
2014,53,169,129,316
2014,53,170,129,311
2014,51,161,127,311
2014,50,155,128,301
2014,47,150,123,300
2014,45,148,121,299
2014,44,149,121,282
2014,45,147,121,297
2014,46,150,123,296
2014,45,147,124,305
2014,46,152,127,317
2014,45,155,121,313
2014,44,160,122,322
2014,45,156,123,333
2014,43,152,124,338
2014,42,141,118,331
2014,44,139,116,313
2014,43,141,117,311
2014,41,142,115,299
2014,40,143,116,269
2014,40,144,113,270
2014,38,137,110,264
2014,38,135,110,267
2014,38,139,111,270
2014,38,139,110,266
2014,37,132,109,263
2014,38,134,108,261
2014,39,137,106,271
2014,41,141,112,267
2014,41,144,111,270
2014,41,145,111,270
2014,40,145,111,275
2014,40,144,110,277
2014,40,141,105,274
2014,39,135,102,269
2014,39,134,101,261
2014,40,141,106,273
2014,40,143,107,293
2014,40,143,107,239
2014,39,137,106,237
2014,38,138,106,232
2014,38,137,106,220
2014,38,136,103,224
2014,38,138,102,220
2014,38,142,104,230
2014,36,131,98,222
2014,36,125,100,207
2014,36,125,100,205
2014,35,121,98,207
2014,35,122,98,203
2014,35,121,99,203
2014,35,124,98,204
2014,33,120,95,196
2014,34,120,97,202
2014,32,115,95,202
2014,33,115,94,200
2014,32,116,93,193
2014,32,115,95,196
2014,33,117,94,199
2014,35,122,97,198
2014,35,125,94,189
2014,35,121,91,171
2014,34,116,90,167
2014,34,114,89,167
2014,33,106,87,165
2014,33,105,88,159
2014,33,98,86,155
2014,34,99,86,156
2014,35,97,88,156
2014,36,98,89,156
2014,35,97,87,153
2014,36,99,87,152
2014,36,99,87,142
2014,36,99,85,137
2014,35,100,83,134
2014,35,100,82,136
2014,36,104,84,137
2014,37,105,86,138
2014,36,107,85,138
2014,37,106,87,141
2014,34,106,84,141
2014,34,104,85,144
2014,33,102,84,144
2014,33,103,85,147
2014,34,110,92,149
2014,33,108,90,150
2014,34,112,93,159
2014,35,114,93,150
2014,34,111,91,148
2014,36,114,97,156
2014,37,114,99,161
2014,37,115,99,154
2014,37,113,99,154
2014,36,112,99,154
2014,36,111,100,150
2014,36,113,102,155
2014,36,111,99,156
2014,36,109,101,153
2014,37,110,102,147
2014,37,111,102,150
2014,37,113,103,153
2014,37,115,103,150
2014,38,116,103,151
2014,39,118,103,157
2014,39,119,99,155
2014,40,121,101,159
2014,41,122,102,168
2013,40,123,102,164
2013,41,122,102,166
2013,41,122,101,170
2013,41,121,100,168
2013,40,122,99,168
2013,40,124,99,170
2013,40,119,96,162
2013,39,119,96,159
2013,40,118,94,161
2013,39,116,92,160
2013,39,117,91,162
2013,40,119,92,155
2013,39,121,93,157
2013,40,123,94,167
2013,40,125,95,173
2013,40,124,93,174
2013,40,121,93,171
2013,40,122,93,168
2013,39,121,93,166
2013,39,124,93,167
2013,39,122,93,166
2013,38,123,92,164
2013,38,121,92,163
2013,38,119,92,150
2013,37,118,89,151
2013,38,118,89,160
2013,37,118,87,152
2013,36,120,89,150
2013,37,121,90,156
2013,37,124,89,151
2013,37,119,87,156
2013,36,115,86,153
2013,34,114,83,143
2013,34,111,84,142
2013,34,111,86,146
2013,34,117,87,135
2013,33,117,87,132
2013,32,115,86,131
2013,32,118,87,131
2013,32,116,86,127
2013,32,115,87,127
2013,32,115,86,130
2013,31,113,85,132
2013,31,110,86,133
2013,30,107,86,129
2013,31,109,85,121
2013,32,115,85,130
2013,32,116,84,124
2013,32,117,84,121
2013,32,118,84,124
2013,31,115,81,110
2013,30,111,79,104
2013,30,112,79,105
2013,29,111,78,106
2013,29,114,78,103
2013,29,117,79,98
2013,29,120,79,98
2013,28,119,78,95
2013,29,122,79,94
2013,27,118,77,93
2013,27,116,76,92
2013,26,111,75,88
2013,26,112,73,88
2013,27,114,73,91
2013,29,117,74,89
2013,28,117,76,89
2013,28,112,74,92
2013,28,117,73,90
2013,29,114,74,94
2013,30,119,72,93
2013,28,115,67,85
2013,27,114,66,84
2013,28,113,65,84
2013,28,112,63,88
2013,29,111,62,85
2013,30,114,65,89
2013,29,110,59,87
2013,28,108,58,85
2013,28,108,56,84
2013,28,109,54,83
2013,27,104,52,84
2013,28,109,56,87
2013,26,105,54,88
2013,27,107,57,94
2013,27,102,53,91
2013,26,99,52,92
2013,26,104,54,98
2013,27,104,55,103
2013,26,104,55,103
2013,24,93,50,98
2013,24,97,52,100
2013,24,96,50,101
2013,22,94,49,100
2013,24,98,53,105
2013,23,91,52,107
2013,23,94,52,106
2013,21,92,50,104
2013,20,87,52,104
2013,19,86,51,102
2013,20,86,53,105
2013,19,87,54,99
2013,20,88,55,110
2013,21,90,57,109
2013,20,87,53,110
2013,21,91,55,113
2013,21,94,55,120
2013,21,102,57,121
2013,22,103,56,124
2013,22,105,58,127
2013,22,104,56,124
2013,23,104,57,125
2013,23,104,57,125
2013,23,102,56,124
2013,24,104,57,125
2013,25,105,59,126
2013,25,102,60,125
2013,25,103,60,127
2013,24,98,59,125
2013,25,101,61,128
2013,25,100,60,127
2013,25,100,62,127
2013,25,100,61,129
2013,26,99,61,128
2013,27,102,64,135
2013,27,102,66,135
2013,26,100,66,129
2013,25,96,64,120
2013,25,95,65,116
2013,25,97,66,118
2013,25,94,67,114
2013,26,94,67,114
2013,26,98,69,114
2013,28,104,71,120
2013,27,101,70,116
2013,26,102,69,111
2013,26,104,68,112
2013,25,97,67,111
2013,26,92,67,114
2013,27,94,70,123
2013,28,101,73,129
2013,28,102,72,131
2013,28,103,74,134
2013,29,103,73,133
2013,28,101,71,129
2013,28,101,69,130
2013,28,102,68,132
2013,29,107,72,139
2013,30,110,71,137
2013,31,110,72,139
2013,30,111,72,141
2013,30,107,71,138
2013,29,109,69,137
2013,29,111,68,145
2013,29,110,69,150
2013,30,110,70,152
2013,30,110,71,147
2013,30,111,70,143
2013,29,108,69,141
2013,29,106,68,134
2013,29,105,68,136
2013,30,106,70,141
2013,30,106,69,142
2013,30,104,70,143
2013,30,103,71,143
2013,31,102,72,145
2013,31,102,72,143
2013,30,98,71,139
2013,29,96,70,137
2013,29,97,70,136
2013,29,99,70,135
2013,29,99,70,133
2013,30,98,73,135
2013,29,96,73,135
2013,29,95,73,140
2013,29,94,72,137
2013,28,93,73,135
2013,28,93,69,137
2013,28,91,66,133
