Date,Sun Pharma,Cipla,Dr. Reddy,Divi Labs
2013,567,401,2535,611
2013,570,400,2526,609
2013,576,405,2520,611
2013,570,398,2513,589
2013,567,400,2540,599
2013,576,405,2513,599
2013,579,402,2513,593
2013,583,400,2464,588
2013,573,393,2469,590
2013,568,388,2427,577
2013,556,376,2400,561
2013,571,377,2401,555
2013,574,381,2403,570
2013,583,387,2442,569
2013,586,389,2453,558
2013,586,385,2454,558
2013,581,389,2423,569
2013,577,388,2415,568
2013,591,390,2450,569
2013,593,391,2466,576
2013,595,392,2499,580
2013,572,391,2485,576
2013,571,380,2457,573
2013,570,382,2428,578
2013,573,386,2411,581
2013,581,387,2440,581
2013,575,385,2434,565
2013,581,387,2410,566
2013,597,393,2426,570
2013,606,401,2452,570
2013,611,402,2467,578
2013,599,403,2462,574
2013,608,412,2470,570
2013,598,421,2470,569
2013,596,422,2471,551
2013,601,423,2402,510
2013,606,422,2411,500
2013,602,425,2398,515
2013,592,421,2406,492
2013,610,418,2481,495
2013,605,416,2471,489
2013,609,413,2456,486
2013,619,419,2523,486
2013,618,418,2429,496
2013,604,412,2400,483
2013,611,416,2406,487
2013,622,420,2392,496
2013,621,424,2400,509
2013,638,412,2431,517
2013,631,417,2441,516
2013,632,415,2460,515
2013,620,415,2411,504
2013,624,423,2410,516
2013,626,422,2421,512
2013,626,429,2402,517
2013,640,433,2397,523
2013,645,432,2404,524
2013,614,435,2393,529
2013,605,440,2386,525
2013,600,438,2372,511
2013,601,436,2430,507
2013,590,432,2408,496
2013,593,433,2381,485
2013,590,434,2412,492
2013,581,436,2457,488
2013,569,439,2429,489
2013,556,432,2395,495
2013,558,426,2379,498
2013,566,430,2366,499
2013,558,440,2378,505
2013,549,437,2353,496
2013,545,432,2304,494
2013,564,431,2224,491
2013,564,442,2249,501
2013,557,438,2247,497
2013,561,434,2250,497
2013,550,441,2266,498
2013,529,437,2285,491
2013,519,419,2294,483
2013,520,420,2275,487
2013,513,406,2207,477
2013,528,418,2283,498
2013,521,417,2293,497
2013,511,398,2258,478
2013,505,399,2172,479
2013,497,397,2167,469
2013,517,399,2151,475
2013,507,396,2120,467
2013,502,401,2109,473
2013,482,393,2047,473
2013,507,402,2139,473
2013,520,400,2141,476
2013,542,415,2166,496
2013,551,420,2211,499
2013,547,425,2238,499
2013,542,416,2181,504
2013,506,409,2224,485
2013,522,390,2255,473
2013,538,392,2198,466
2013,550,396,2210,477
2013,555,400,2239,464
2013,568,403,2278,461
2013,565,400,2281,468
2013,576,409,2177,463
2013,569,412,2218,481
2013,559,415,2294,474
2013,548,409,2318,469
2013,564,415,2346,485
2013,553,409,2361,482
2013,555,412,2319,479
2013,540,416,2346,488
2013,559,413,2340,497
2013,556,407,2311,498
2013,560,402,2278,498
2013,555,408,2348,501
2013,554,405,2349,505
2013,548,400,2296,503
2013,541,400,2262,504
2013,540,400,2284,496
2013,521,397,2249,485
2013,518,399,2239,487
2013,515,395,2223,481
2013,510,397,2211,482
2013,504,397,2263,490
2013,503,398,2264,495
2013,506,392,2219,496
2013,486,388,2159,486
2013,470,380,2096,490
2013,474,379,2100,483
2013,474,380,2103,484
2013,474,381,2121,491
2013,485,379,2078,485
2013,481,380,2100,484
2013,486,380,2131,481
2013,486,380,2146,484
2013,477,378,2176,485
2013,475,379,2159,478
2013,490,384,2178,485
2013,491,380,2184,480
2013,499,374,2182,468
2013,506,373,2190,472
2013,509,376,2138,481
2013,519,376,2161,486
2013,509,375,2157,483
2013,509,368,2112,477
2013,522,371,2092,489
2013,537,383,2108,486
2013,533,402,2123,497
2013,498,396,2117,491
2013,507,402,2091,495
2013,484,409,2066,495
2013,503,415,2051,490
2013,501,416,2056,498
2013,487,418,2021,503
2013,483,417,2045,541
2013,483,426,2078,560
2013,484,422,2119,565
2013,487,411,2065,571
2013,482,399,2028,561
2013,472,395,2077,552
2013,476,402,2092,542
2013,468,398,2022,544
2013,474,400,1987,541
2013,493,406,1999,546
2013,495,408,1992,551
2013,491,405,1993,540
2013,492,401,2001,535
2013,484,409,2010,542
2013,476,405,2028,537
2013,470,408,1997,544
2013,478,410,1991,531
2013,490,407,1993,529
2013,475,396,1902,528
2013,464,397,1886,530
2013,458,401,1906,531
2013,457,401,1908,530
2013,445,400,1924,520
2013,437,397,1853,512
2014,827,626,3246,862
2014,820,625,3183,859
2014,821,623,3141,854
2014,811,623,3134,846
2014,804,625,3134,837
2014,813,630,3206,856
2014,815,618,3238,858
2014,808,619,3199,851
2014,812,625,3151,836
2014,811,606,3160,818
2014,830,623,3142,841
2014,844,632,3356,864
2014,843,641,3378,855
2014,835,642,3430,854
2014,833,650,3402,835
2014,839,640,3355,834
2014,828,652,3315,832
2014,822,647,3396,845
2014,839,659,3476,859
2014,843,650,3502,866
2014,840,639,3591,866
2014,836,643,3628,860
2014,840,635,3606,864
2014,842,638,3611,868
2014,840,629,3575,872
2014,840,624,3573,867
2014,836,618,3522,864
2014,841,627,3531,869
2014,851,619,3529,870
2014,850,599,3523,859
2014,867,608,3433,857
2014,884,613,3440,858
2014,887,609,3435,862
2014,908,624,3468,874
2014,906,618,3440,876
2014,917,637,3418,867
2014,911,643,3442,870
2014,894,650,3397,876
2014,872,659,3252,861
2014,853,663,3181,903
2014,845,667,3168,938
2014,829,651,3095,916
2014,830,657,3046,908
2014,839,646,3081,909
2014,805,628,3106,902
2014,810,628,3058,905
2014,806,628,3038,892
2014,797,608,2964,872
2014,802,604,2966,872
2014,798,596,2919,853
2014,797,579,2905,851
2014,803,579,2935,883
2014,804,576,2943,863
2014,821,592,2999,883
2014,815,592,2987,885
2014,801,586,2966,864
2014,836,602,3099,886
2014,861,624,3200,894
2014,857,627,3230,900
2014,836,617,3208,895
2014,807,612,3222,859
2014,774,608,3310,862
2014,781,600,3229,865
2014,781,584,3199,855
2014,798,613,3212,858
2014,807,628,3223,857
2014,805,620,3193,870
2014,792,610,3082,846
2014,798,620,3010,836
2014,795,630,2983,863
2014,806,613,2959,878
2014,822,575,2976,861
2014,859,577,3001,836
2014,860,575,3008,835
2014,868,563,3003,842
2014,858,558,2980,826
2014,865,552,3001,806
2014,863,553,3001,808
2014,864,557,2995,800
2014,842,529,2976,783
2014,855,514,2948,782
2014,862,513,2923,781
2014,865,512,2890,788
2014,854,507,2880,789
2014,857,499,2826,778
2014,860,493,2839,771
2014,847,492,2886,758
2014,810,475,2830,745
2014,816,471,2774,730
2014,815,449,2756,730
2014,803,440,2741,739
2014,785,445,2730,737
2014,765,438,2721,755
2014,760,437,2782,750
2014,759,435,2755,751
2014,760,436,2751,760
2014,774,441,2780,755
2014,762,441,2768,751
2014,769,443,2759,748
2014,791,457,2809,738
2014,790,448,2823,746
2014,789,441,2770,736
2014,782,446,2744,749
2014,748,440,2704,750
2014,749,442,2734,739
2014,751,441,2724,739
2014,744,438,2654,750
2014,742,441,2653,749
2014,743,437,2647,744
2014,745,432,2647,744
2014,740,432,2639,717
2014,738,433,2695,713
2014,744,436,2701,737
2014,726,436,2651,738
2014,724,436,2663,732
2014,726,442,2681,753
2014,724,450,2730,767
2014,710,449,2678,764
2014,707,448,2639,751
2014,693,444,2663,757
2014,679,437,2615,735
2014,688,438,2624,730
2014,661,437,2553,719
2014,635,426,2508,679
2014,633,426,2478,676
2014,628,427,2463,673
2014,634,424,2454,677
2014,631,426,2439,662
2014,643,426,2447,675
2014,633,425,2423,675
2014,650,413,2412,674
2014,645,414,2424,671
2014,630,414,2445,675
2014,631,416,2435,667
2014,614,413,2433,662
2014,609,408,2396,664
2014,600,397,2353,650
2014,600,396,2354,635
2014,598,387,2310,618
2014,596,391,2319,619
2014,603,389,2337,620
2014,599,387,2414,624
2014,611,385,2461,638
2014,587,372,2384,628
2014,584,380,2352,629
2014,593,378,2312,626
2014,591,381,2300,621
2014,584,388,2309,648
2014,580,388,2296,640
2014,577,390,2300,646
2014,587,389,2323,640
2014,584,385,2286,636
2014,614,388,2407,651
2014,621,398,2482,664
2014,612,395,2518,681
2014,609,391,2611,678
2014,613,388,2723,667
2014,624,392,2718,669
2014,624,389,2737,684
2014,631,383,2742,677
2014,626,391,2744,676
2014,627,393,2729,680
2014,630,402,2737,690
2014,633,397,2706,691
2014,639,401,2665,695
2014,637,407,2677,699
2014,622,394,2629,685
2014,626,399,2566,684
2014,620,397,2553,680
2014,621,400,2550,670
2014,625,401,2552,662
2014,614,397,2537,662
2014,616,401,2575,659
2014,628,402,2577,674
2014,615,397,2550,672
2014,630,401,2624,681
2014,588,397,2606,675
2014,572,404,2650,675
2014,579,396,2664,688
2014,575,389,2627,685
2014,572,382,2601,674
2014,575,383,2564,683
2014,563,387,2626,680
2014,561,386,2589,670
2014,567,387,2634,691
2014,579,391,2723,706
2014,579,391,2750,704
2014,584,395,2780,707
2014,580,388,2779,704
2014,590,387,2779,703
2014,585,383,2801,706
2014,579,386,2788,708
2014,582,387,2781,699
2014,573,380,2727,695
2014,604,379,2688,693
2014,580,377,2679,687
2014,597,375,2687,688
2014,612,381,2725,696
2014,621,380,2827,717
2014,624,386,2787,714
2014,619,379,2801,716
2014,625,377,2816,717
2014,645,384,2896,712
2014,628,375,2833,710
2014,619,375,2769,714
2014,621,368,2796,714
2014,615,369,2733,711
2014,620,371,2716,697
2014,623,373,2668,683
2014,610,372,2652,679
2014,605,374,2644,680
2014,609,373,2580,682
2014,615,380,2563,675
2014,611,413,2615,693
2014,608,413,2660,678
2014,612,415,2672,686
2014,602,417,2632,693
2014,585,410,2600,683
2014,584,415,2596,672
2014,588,415,2597,671
2014,594,413,2653,657
2014,589,411,2610,658
2014,594,413,2620,634
2014,591,415,2655,646
2014,582,409,2652,645
2014,598,415,2633,654
2014,604,414,2661,663
2014,609,420,2669,663
2014,597,423,2671,663
2014,580,417,2652,652
2014,589,420,2653,648
2014,594,418,2652,635
2014,593,413,2645,645
2014,604,418,2650,646
2014,604,411,2649,643
2014,602,402,2627,631
2014,609,399,2626,625
2014,607,403,2587,617
2014,601,404,2532,619
2014,594,391,2491,615
2014,588,392,2471,627
2014,580,392,2496,625
2014,574,392,2529,617
2014,572,402,2537,614
2015,820,650,3109,1155
2015,810,653,3121,1159
2015,811,654,3101,1167
2015,812,658,3121,1173
2015,791,648,3010,1167
2015,790,647,3025,1167
2015,764,644,3001,1164
2015,754,644,3009,1161
2015,790,642,2974,1148
2015,802,643,3018,1130
2015,784,639,3005,1116
2015,774,639,2994,1119
2015,769,637,3010,1129
2015,758,639,2969,1126
2015,757,637,2995,1106
2015,759,624,2995,1123
2015,771,643,3063,1130
2015,777,645,3180,1128
2015,755,646,3196,1130
2015,727,651,3224,1127
2015,732,658,3252,1138
2015,729,649,3211,1136
2015,730,644,3108,1150
2015,740,644,3099,1146
2015,736,635,3101,1129
2015,706,637,3388,1145
2015,717,641,3409,1150
2015,726,647,3353,1149
2015,743,636,3281,1153
2015,754,630,3367,1132
2015,753,636,3441,1124
2015,739,626,3509,1127
2015,741,618,3390,1145
2015,747,643,3360,1131
2015,732,642,3331,1115
2015,757,648,3501,1139
2015,803,658,3631,1121
2015,816,658,4249,1154
2015,853,671,4323,1176
2015,869,675,4335,1190
2015,865,680,4296,1156
2015,890,690,4280,1154
2015,879,692,4221,1121
2015,902,696,4114,1110
2015,909,685,4179,1098
2015,889,681,4201,1093
2015,885,682,4188,1090
2015,889,678,4174,1088
2015,903,674,4320,1079
2015,906,688,4348,1101
2015,889,679,4265,1070
2015,888,671,4207,1064
2015,884,679,4197,1071
2015,882,679,4228,1096
2015,892,676,4188,1097
2015,906,690,4258,1095
2015,916,680,4225,1090
2015,926,681,4196,1136
2015,910,664,4247,1137
2015,898,640,4180,1140
2015,891,634,4233,1126
2015,868,636,4162,1115
2015,848,637,4081,1102
2015,861,642,4191,1109
2015,892,643,3970,1121
2015,897,642,3935,1115
2015,901,644,3930,1105
2015,900,649,3957,1117
2015,905,652,4006,1113
2015,887,662,4010,1106
2015,867,659,4006,1092
2015,857,661,4043,1096
2015,846,653,4014,1071
2015,840,654,3974,1080
2015,839,656,4041,1036
2015,845,650,3978,1047
2015,837,650,3947,1047
2015,858,650,4053,1088
2015,885,656,4209,1120
2015,890,648,4200,1125
2015,902,663,4249,1147
2015,899,682,4303,1182
2015,886,660,4181,1124
2015,902,661,4130,1106
2015,873,637,4061,1079
2015,891,645,4105,1081
2015,891,636,4043,1112
2015,938,697,4244,1220
2015,937,692,4296,1202
2015,928,696,4231,1208
2015,890,684,4191,1145
2015,906,703,4181,1105
2015,898,740,4258,1091
2015,879,726,4292,1091
2015,866,708,4275,1090
2015,842,719,4224,1071
2015,841,715,4260,1031
2015,852,715,4259,985
2015,845,723,4267,998
2015,842,719,4192,998
2015,830,710,4162,980
2015,831,712,4144,986
2015,822,709,4076,981
2015,814,711,3913,965
2015,830,680,3712,954
2015,820,672,3749,958
2015,824,675,3855,953
2015,836,678,3909,978
2015,829,673,3913,988
2015,835,675,3848,972
2015,805,663,3853,973
2015,948,683,3930,980
2015,948,685,3877,988
2015,941,680,3867,954
2015,930,671,3815,943
2015,919,666,3773,944
2015,916,661,3758,941
2015,902,648,3751,938
2015,872,641,3732,932
2015,871,646,3721,944
2015,885,647,3740,955
2015,879,654,3717,954
2015,871,632,3588,930
2015,871,626,3548,926
2015,873,635,3574,933
2015,875,615,3559,940
2015,850,611,3521,917
2015,867,619,3530,916
2015,866,611,3485,912
2015,871,622,3435,907
2015,858,630,3443,912
2015,857,614,3426,905
2015,846,607,3385,913
2015,856,607,3377,919
2015,844,613,3347,898
2015,840,590,3287,886
2015,838,586,3321,882
2015,814,582,3318,882
2015,820,574,3313,881
2015,823,593,3367,886
2015,811,592,3322,881
2015,830,615,3407,884
2015,848,623,3416,896
2015,832,630,3422,907
2015,842,635,3428,885
2015,861,641,3474,906
2015,878,662,3538,913
2015,966,650,3535,910
2015,955,644,3528,904
2015,976,661,3587,913
2015,995,659,3547,921
2015,1002,660,3585,908
2015,1004,674,3643,926
2015,981,674,3619,921
2015,965,689,3609,892
2015,957,683,3636,900
2015,957,686,3622,907
2015,946,683,3496,898
2015,944,686,3519,882
2015,954,677,3494,872
2015,950,664,3469,871
2015,964,666,3360,866
2015,940,655,3350,861
2015,928,628,3283,863
2015,937,636,3353,858
2015,958,662,3403,874
2015,948,674,3395,892
2015,939,636,3310,862
2015,941,629,3382,880
2015,925,632,3412,881
2015,926,628,3386,870
2015,947,638,3484,888
2015,942,664,3529,895
2015,968,657,3570,899
2015,952,653,3462,890
2015,1044,660,3567,912
2015,1038,680,3647,947
2015,1088,679,3680,948
2015,1117,693,3754,961
2015,1151,712,3795,966
2015,1120,701,3797,969
2015,1113,719,3740,967
2015,1150,737,3755,972
2015,1152,728,3685,968
2015,1169,736,3678,939
2015,1081,710,3534,901
2015,1024,712,3489,893
2015,1011,702,3425,905
2015,1011,694,3415,897
2015,1028,701,3446,903
2015,1052,711,3511,900
2015,1037,710,3511,910
2015,1024,701,3459,902
2015,1027,700,3427,903
2015,1048,710,3425,916
2015,1045,712,3427,901
2015,1042,711,3437,900
2015,1030,694,3313,890
2015,1012,704,3377,887
2015,1036,720,3433,900
2015,1010,718,3468,887
2015,1025,729,3437,882
2015,1041,734,3468,881
2015,1039,740,3442,886
2015,1006,727,3390,870
2015,943,732,3408,887
2015,925,717,3387,882
2015,911,682,3349,861
2015,879,670,3278,850
2015,866,659,3252,860
2015,891,676,3279,873
2015,910,677,3360,844
2015,909,669,3390,843
2015,913,676,3404,846
2015,917,682,3383,833
2015,918,678,3354,832
2015,915,672,3351,820
2015,941,667,3344,827
2015,924,661,3331,822
2015,926,636,3152,819
2015,920,640,3131,816
2015,941,630,3099,809
2015,927,655,3044,802
2015,960,662,3072,811
2015,959,678,3097,818
2015,941,677,3087,830
2015,929,696,3139,845
2015,918,696,3233,871
2015,920,697,3363,884
2015,910,704,3239,870
2015,914,707,3212,844
2015,927,678,3350,839
2015,920,655,3361,828
2015,886,643,3336,840
2015,872,662,3306,847
2015,863,658,3324,856
2015,850,647,3286,856
2015,826,638,3241,848
2015,821,631,3208,853
2015,833,636,3223,862
2015,835,631,3207,853
2015,830,632,3164,851
2015,819,618,3066,827
2015,810,612,3039,825
2015,809,614,3066,837
2015,827,633,3148,871
2015,826,630,3221,876
2015,822,628,3211,873
2016,630,569,3060,784
2016,615,565,3066,789
2016,621,562,3070,825
2016,621,564,3035,788
2016,611,555,2986,762
2016,624,582,2999,862
2016,609,561,3012,1108
2016,614,563,3037,1149
2016,628,563,3047,1141
2016,632,569,3069,1162
2016,647,566,3108,1152
2016,650,563,3108,1152
2016,678,568,3148,1172
2016,684,579,3167,1160
2016,676,575,3148,1150
2016,673,579,3186,1162
2016,676,583,3212,1161
2016,664,571,3184,1161
2016,706,575,3196,1154
2016,713,573,3168,1132
2016,720,571,3181,1136
2016,722,568,3239,1150
2016,710,567,3197,1174
2016,707,569,3188,1174
2016,715,571,3173,1166
2016,714,565,3168,1155
2016,683,554,3112,1148
2016,701,553,3129,1178
2016,690,551,3122,1179
2016,690,545,3134,1170
2016,689,551,3215,1184
2016,669,546,3207,1167
2016,667,538,3211,1153
2016,682,552,3311,1162
2016,688,548,3256,1221
2016,666,564,3278,1256
2016,661,526,3283,1252
2016,635,535,3119,1245
2016,655,546,3107,1267
2016,652,545,3080,1254
2016,704,560,3262,1260
2016,714,560,3261,1267
2016,734,572,3327,1288
2016,748,579,3325,1289
2016,743,575,3363,1280
2016,747,586,3325,1276
2016,739,578,3242,1275
2016,747,585,3201,1278
2016,747,585,3089,1266
2016,748,583,3114,1275
2016,746,597,3079,1256
2016,750,596,3066,1268
2016,744,593,3045,1280
2016,734,586,3029,1225
2016,746,587,3031,1235
2016,740,582,3050,1247
2016,755,581,3079,1265
2016,751,570,3054,1272
2016,753,579,3077,1269
2016,759,592,3123,1284
2016,764,598,3148,1299
2016,757,589,3161,1300
2016,743,580,3107,1291
2016,736,603,3135,1295
2016,765,606,3200,1318
2016,770,607,3191,1320
2016,766,605,3200,1332
2016,780,612,3182,1335
2016,787,609,3149,1329
2016,779,601,3153,1329
2016,779,603,3158,1336
2016,783,598,3157,1345
2016,784,594,3150,1343
2016,786,585,3139,1338
2016,780,578,3158,1310
2016,787,570,3138,1304
2016,797,581,3193,1324
2016,808,595,3188,1332
2016,779,581,3139,1318
2016,783,579,3133,1330
2016,782,578,3123,1315
2016,770,579,3098,1318
2016,776,573,3090,1323
2016,775,576,3091,1314
2016,759,568,3052,1303
2016,755,567,3040,1332
2016,765,563,3050,1338
2016,770,567,3040,1348
2016,762,556,3009,1314
2016,770,558,3013,1304
2016,784,557,3010,1300
2016,789,553,3027,1276
2016,785,550,3005,1274
2016,783,554,3007,1262
2016,801,516,3011,1194
2016,808,524,3011,1176
2016,818,521,3000,1160
2016,829,533,3038,1185
2016,833,535,3036,1193
2016,842,533,3009,1184
2016,849,527,2962,1151
2016,840,529,2939,1173
2016,829,518,2977,1181
2016,836,524,2981,1175
2016,830,527,2935,1199
2016,825,521,2960,1196
2016,808,523,2980,1190
2016,798,524,3320,1186
2016,804,525,3482,1204
2016,787,520,3600,1205
2016,794,516,3617,1188
2016,797,518,3677,1187
2016,782,506,3586,1159
2016,777,507,3568,1151
2016,770,516,3588,1152
2016,769,512,3583,1154
2016,779,515,3616,1166
2016,783,516,3596,1164
2016,789,522,3626,1150
2016,778,520,3561,1122
2016,778,514,3525,1123
2016,775,507,3451,1139
2016,771,510,3435,1144
2016,763,509,3484,1134
2016,763,501,3382,1110
2016,770,502,3275,1111
2016,765,497,3273,1107
2016,774,489,3247,1098
2016,755,477,3153,1100
2016,753,476,3172,1103
2016,740,482,3105,1108
2016,736,483,3049,1117
2016,740,488,3057,1123
2016,743,486,3003,1113
2016,755,487,3048,1108
2016,752,490,3087,1123
2016,754,483,3097,1115
2016,746,469,3088,1122
2016,741,476,3066,1123
2016,743,479,3071,1114
2016,738,472,3138,1138
2016,739,468,3156,1148
2016,724,467,3151,1142
2016,737,465,3160,1141
2016,747,468,3177,1142
2016,755,465,3183,1126
2016,763,473,3183,1099
2016,812,474,3170,1110
2016,825,473,3116,1085
2016,779,468,3091,1042
2016,785,470,3052,1040
2016,772,494,3025,1030
2016,785,497,3030,1035
2016,791,507,3034,1043
2016,793,513,3026,1056
2016,795,525,3025,1071
2016,800,524,3018,1090
2016,798,522,3002,1057
2016,795,532,2917,1079
2016,804,536,2971,1064
2016,796,537,2869,1065
2016,802,537,2924,1071
2016,805,537,2840,1050
2016,804,537,2866,1022
2016,810,542,2930,1044
2016,804,533,2933,1051
2016,798,537,2959,1040
2016,812,541,3012,1056
2016,811,537,3089,1051
2016,802,528,3083,1050
2016,814,540,3131,1042
2016,814,541,3120,1058
2016,809,527,3116,1060
2016,820,531,3142,1069
2016,833,532,3131,1091
2016,829,527,3109,1049
2016,838,524,3091,1039
2016,833,512,3100,1023
2016,824,502,3083,1022
2016,817,502,3029,1020
2016,812,504,3039,1013
2016,812,506,3036,1014
2016,810,505,3001,995
2016,801,503,3000,1013
2016,815,514,3012,1011
2016,815,515,2980,1009
2016,820,512,3035,987
2016,812,512,3016,982
2016,794,504,2941,977
2016,809,524,3036,972
2016,846,533,3048,969
2016,845,535,3058,979
2016,836,536,3182,992
2016,816,528,3171,984
2016,827,525,3126,975
2016,836,531,3154,976
2016,843,525,3133,964
2016,862,538,3234,1013
2016,868,535,3211,1004
2016,865,534,3184,1016
2016,861,529,3220,1010
2016,859,532,3220,1023
2016,857,538,3253,1011
2016,871,527,3188,978
2016,852,526,3015,970
2016,868,516,3025,957
2016,854,514,3036,951
2016,872,524,2994,934
2016,875,519,2994,941
2016,855,514,3013,942
2016,871,523,3081,980
2016,882,531,3108,991
2016,864,525,3059,996
2016,870,524,3104,975
2016,856,519,2961,989
2016,828,524,2856,970
2016,850,540,2859,993
2016,847,529,2847,987
2016,830,541,2885,1020
2016,856,539,2885,1018
2016,854,556,2960,1034
2016,836,567,3070,1069
2016,858,570,3109,1110
2016,836,550,3009,1087
2016,835,562,3008,1107
2016,835,574,3049,1125
2016,872,599,3051,1142
2016,873,585,3105,1141
2016,834,578,3011,1129
2016,821,581,2973,1144
2016,807,581,2903,1087
2016,789,582,2882,1082
2016,773,580,2757,1058
2016,793,593,2870,1060
2016,794,598,2916,1071
2016,785,591,2875,1067
2016,787,609,2936,1077
2016,792,614,2915,1087
2016,797,609,2891,1084
2016,788,611,2923,1100
2016,782,610,2932,1100
2016,794,622,3011,1130
2016,784,637,2992,1127
2016,792,652,3046,1137
2016,801,641,3071,1148
2016,799,646,3056,1150
2016,816,655,3109,1163
2017,571,609,2414,1098
2017,568,606,2430,1114
2017,576,613,2400,1123
2017,541,612,2360,1088
2017,531,601,2333,1090
2017,528,600,2352,1086
2017,527,601,2356,1060
2017,528,604,2400,1058
2017,530,592,2395,1053
2017,518,576,2372,1050
2017,514,590,2311,1061
2017,517,578,2261,1042
2017,521,592,2256,1063
2017,530,604,2193,1045
2017,522,603,2185,1050
2017,510,593,2196,1020
2017,511,596,2200,1020
2017,523,596,2209,1024
2017,521,597,2242,1034
2017,526,598,2234,1035
2017,540,601,2284,1041
2017,547,608,2277,1047
2017,543,612,2291,1033
2017,552,615,2295,1041
2017,550,616,2295,1046
2017,545,618,2306,1038
2017,535,619,2361,1025
2017,538,616,2394,1042
2017,517,604,2274,1048
2017,517,609,2323,1021
2017,509,593,2334,1006
2017,505,594,2310,1016
2017,526,602,2320,1024
2017,533,602,2344,1000
2017,528,609,2348,1016
2017,534,615,2370,1009
2017,538,623,2347,1017
2017,528,608,2378,1017
2017,541,655,2392,1049
2017,551,640,2419,1050
2017,563,636,2411,1073
2017,549,627,2354,924
2017,553,628,2428,883
2017,553,626,2439,873
2017,550,625,2395,871
2017,530,612,2344,859
2017,523,593,2349,871
2017,535,595,2364,870
2017,540,593,2366,873
2017,536,608,2373,880
2017,540,611,2385,877
2017,547,632,2381,882
2017,548,607,2404,874
2017,535,593,2354,873
2017,540,590,2380,884
2017,526,586,2372,859
2017,527,590,2411,886
2017,531,586,2409,880
2017,530,585,2376,865
2017,514,585,2389,863
2017,518,581,2388,872
2017,503,579,2336,856
2017,503,586,2329,856
2017,499,583,2375,853
2017,495,570,2305,851
2017,508,579,2371,960
2017,506,577,2417,953
2017,514,585,2458,970
2017,520,592,2487,991
2017,506,570,2315,943
2017,516,573,2242,863
2017,521,571,2242,834
2017,524,561,2211,868
2017,525,566,2253,870
2017,503,554,2217,828
2017,483,561,2166,805
2017,467,554,2160,720
2017,471,552,2163,707
2017,480,554,2225,696
2017,474,558,2197,699
2017,492,560,2209,724
2017,501,562,2195,709
2017,486,568,2218,712
2017,481,572,2021,696
2017,484,566,2039,703
2017,482,569,2042,687
2017,493,574,2049,695
2017,483,574,2088,673
2017,469,559,2031,638
2017,470,559,1984,629
2017,461,562,1931,622
2017,470,565,1982,635
2017,488,573,2011,646
2017,486,590,2005,657
2017,472,570,2002,639
2017,450,541,2011,627
2017,461,548,1944,626
2017,474,562,2048,639
2017,500,579,2096,674
2017,506,567,2207,684
2017,506,569,2240,682
2017,516,557,2324,670
2017,524,569,2379,669
2017,534,562,2432,668
2017,532,560,2383,673
2017,551,566,2465,674
2017,572,569,2620,660
2017,580,575,2707,679
2017,566,564,2692,676
2017,571,570,2696,688
2017,576,566,2763,721
2017,582,572,2750,745
2017,589,568,2774,756
2017,578,560,2719,735
2017,571,557,2697,731
2017,573,548,2703,736
2017,569,544,2694,730
2017,562,540,2690,732
2017,564,538,2691,735
2017,564,549,2726,735
2017,549,547,2705,680
2017,546,543,2668,657
2017,551,546,2665,653
2017,552,545,2624,655
2017,552,552,2683,670
2017,556,556,2690,647
2017,537,544,2652,637
2017,545,537,2652,641
2017,544,535,2653,642
2017,544,541,2644,639
2017,539,540,2636,640
2017,528,541,2687,645
2017,524,548,2676,644
2017,525,540,2657,645
2017,529,537,2683,641
2017,544,549,2701,657
2017,540,540,2669,644
2017,537,552,2627,646
2017,533,553,2630,645
2017,525,551,2629,651
2017,529,550,2636,651
2017,512,540,2541,646
2017,504,535,2549,630
2017,513,535,2536,631
2017,515,530,2555,618
2017,507,516,2523,602
2017,502,516,2524,582
2017,508,511,2481,588
2017,503,505,2426,570
2017,568,489,2414,545
2017,592,504,2428,550
2017,604,520,2517,557
2017,614,533,2579,576
2017,640,563,2609,595
2017,653,565,2656,611
2017,654,560,2679,612
2017,651,562,2737,620
2017,652,566,2724,622
2017,654,569,2676,624
2017,655,568,2581,626
2017,648,562,2594,635
2017,643,561,2603,637
2017,640,553,2581,632
2017,637,552,2601,627
2017,630,550,2603,626
2017,632,550,2606,627
2017,629,556,2596,625
2017,633,555,2583,627
2017,642,557,2599,628
2017,637,562,2597,630
2017,643,557,2611,644
2017,643,553,2646,647
2017,643,557,2613,635
2017,640,564,2610,631
2017,656,574,2613,631
2017,663,575,2607,633
2017,665,576,2628,632
2017,677,577,2661,640
2017,693,577,2641,649
2017,683,579,2645,651
2017,670,580,2628,659
2017,668,590,2636,658
2017,666,590,2661,622
2017,687,590,2718,628
2017,691,593,2741,632
2017,692,593,2744,627
2017,688,593,2632,624
2017,687,598,2613,623
2017,688,593,2634,627
2017,699,594,2638,633
2017,691,592,2632,635
2017,704,594,2628,623
2017,703,596,2631,623
2017,701,595,2630,627
2017,698,592,2623,634
2017,707,596,2734,791
2017,708,597,2736,764
2017,711,601,2752,771
2017,706,600,2740,767
2017,708,600,2741,772
2017,683,589,2716,761
2017,685,589,2705,760
2017,680,592,2847,774
2017,680,588,2852,755
2017,683,590,2859,758
2017,686,589,2871,759
2017,676,589,2871,752
2017,695,586,2923,765
2017,679,584,2850,759
2017,674,585,2857,767
2017,675,592,2887,750
2017,670,589,2903,751
2017,673,593,2894,762
2017,680,593,2899,757
2017,676,593,2913,749
2017,649,585,2923,733
2017,623,574,2911,710
2017,649,576,2941,725
2017,655,583,2967,740
2017,655,580,2976,750
2017,656,588,3023,757
2017,662,603,3015,739
2017,670,598,3065,738
2017,675,602,3097,755
2017,647,608,3145,760
2017,641,584,3097,738
2017,626,572,3001,694
2017,632,575,3019,700
2017,645,582,3017,701
2017,641,580,2995,709
2017,636,586,2996,673
2017,641,580,2973,683
2017,634,576,2924,687
2017,642,578,2947,714
2017,643,580,2940,732
2017,650,581,2948,739
2017,650,587,2977,738
2017,644,589,2985,738
2017,653,583,2980,746
2017,645,586,3009,738
2017,648,577,3042,740
2017,639,575,3042,739
2017,632,577,3060,734
2017,641,583,3159,737
2017,643,580,3136,764
2017,637,568,3091,752
2017,636,574,3072,778
2017,634,566,3083,798
2018,431,520,2617,1483
2018,425,522,2622,1467
2018,411,518,2587,1471
2018,414,514,2622,1456
2018,424,519,2600,1447
2018,425,517,2608,1475
2018,429,520,2628,1513
2018,424,525,2614,1516
2018,433,523,2639,1496
2018,421,524,2613,1483
2018,421,522,2592,1491
2018,422,527,2597,1522
2018,431,531,2586,1529
2018,422,519,2716,1478
2018,399,513,2690,1473
2018,411,514,2693,1492
2018,420,515,2641,1459
2018,413,528,2672,1480
2018,443,546,2704,1493
2018,455,536,2668,1457
2018,493,541,2722,1439
2018,484,525,2655,1457
2018,486,515,2572,1480
2018,494,518,2589,1523
2018,511,522,2559,1506
2018,526,518,2609,1529
2018,533,522,2602,1539
2018,525,521,2443,1534
2018,532,528,2529,1562
2018,520,531,2477,1559
2018,515,519,2462,1531
2018,520,520,2449,1504
2018,562,528,2438,1531
2018,590,532,2416,1512
2018,597,527,2400,1549
2018,582,533,2453,1498
2018,579,531,2451,1478
2018,572,563,2421,1466
2018,572,607,2423,1499
2018,572,615,2462,1506
2018,580,629,2542,1485
2018,562,610,2594,1486
2018,574,635,2533,1440
2018,554,604,2405,1256
2018,559,609,2391,1253
2018,571,621,2434,1241
2018,576,622,2474,1250
2018,607,630,2519,1292
2018,610,634,2552,1285
2018,593,640,2565,1301
2018,603,640,2574,1308
2018,600,648,2567,1300
2018,591,623,2451,1282
2018,587,616,2459,1251
2018,603,640,2485,1298
2018,610,639,2454,1248
2018,604,639,2340,1277
2018,598,637,2395,1282
2018,599,638,2372,1284
2018,621,655,2490,1309
2018,635,654,2509,1320
2018,623,654,2531,1311
2018,631,659,2541,1366
2018,640,673,2601,1385
2018,641,662,2612,1388
2018,624,646,2554,1362
2018,635,653,2556,1388
2018,649,661,2607,1391
2018,643,664,2584,1380
2018,646,665,2569,1365
2018,665,666,2582,1330
2018,650,656,2529,1272
2018,630,655,2524,1245
2018,638,668,2564,1279
2018,664,665,2633,1314
2018,677,662,2567,1317
2018,664,647,2568,1278
2018,655,644,2543,1264
2018,656,649,2593,1287
2018,653,662,2492,1306
2018,640,649,2380,1301
2018,621,644,2384,1277
2018,621,648,2415,1281
2018,622,660,2443,1298
2018,630,651,2447,1301
2018,640,658,2464,1294
2018,635,650,2411,1248
2018,626,644,2381,1247
2018,624,647,2364,1175
2018,620,648,2353,1164
2018,602,643,2278,1155
2018,564,628,2242,1120
2018,554,621,2214,1124
2018,571,619,2238,1115
2018,574,633,2246,1132
2018,570,629,2259,1163
2018,576,638,2234,1193
2018,586,641,2281,1208
2018,580,639,2228,1200
2018,575,639,2176,1164
2018,569,641,2128,1149
2018,563,634,2067,1157
2018,557,636,2083,1103
2018,555,628,2133,1076
2018,558,624,2088,1097
2018,563,627,2078,1084
2018,562,634,2042,1081
2018,560,626,2052,1091
2018,545,610,2029,1078
2018,550,627,2066,1085
2018,549,637,2065,1075
2018,534,621,2094,1070
2018,560,627,2320,1108
2018,564,633,2357,1106
2018,561,625,2301,1122
2018,564,632,2322,1091
2018,569,623,2330,1096
2018,558,613,2269,1074
2018,567,627,2299,1078
2018,579,629,2317,1102
2018,574,640,2274,1086
2018,563,617,2240,1050
2018,564,617,2235,1039
2018,567,601,2296,1000
2018,577,602,2294,1020
2018,573,600,2267,1043
2018,572,611,2290,1033
2018,577,616,2336,1044
2018,555,604,2316,1056
2018,564,603,2368,1083
2018,560,602,2393,1092
2018,570,607,2386,1100
2018,571,612,2350,1101
2018,559,588,2269,1085
2018,546,582,2256,1040
2018,540,567,2191,1064
2018,536,561,2083,1025
2018,528,560,2063,1052
2018,489,541,1965,1059
2018,490,538,1960,1054
2018,474,542,1963,1035
2018,479,521,1996,1047
2018,484,525,1941,1053
2018,480,525,1937,1047
2018,495,526,1962,1052
2018,500,531,1981,1067
2018,500,540,1995,1092
2018,466,537,1968,1149
2018,463,534,1973,1129
2018,452,532,1954,1093
2018,453,524,2010,1122
2018,444,520,1893,1139
2018,465,533,1982,1157
2018,480,554,1977,1166
2018,472,560,1994,1165
2018,469,576,2009,1150
2018,474,579,2018,1173
2018,472,574,1991,1201
2018,497,576,1990,1190
2018,506,588,2064,1195
2018,511,591,2075,1211
2018,514,591,2070,1209
2018,518,597,2107,1192
2018,536,609,2121,1198
2018,515,612,2118,1189
2018,528,607,2110,1198
2018,524,600,2098,1189
2018,513,600,2077,1171
2018,514,593,2118,1161
2018,518,602,2150,1178
2018,514,600,2136,1178
2018,505,589,2122,1194
2018,509,584,2136,1180
2018,512,585,2102,1175
2018,512,580,2106,1181
2018,519,585,2102,1173
2018,513,556,2090,1146
2018,516,556,2061,1121
2018,521,562,2101,1123
2018,508,558,2112,1144
2018,511,557,2121,1130
2018,513,559,2125,1114
2018,508,560,2111,1119
2018,502,570,2091,1097
2018,510,570,2125,1109
2018,508,576,2132,1090
2018,495,545,2081,1090
2018,505,545,2102,1088
2018,503,542,2104,1055
2018,502,538,2072,1038
2018,508,541,2108,1069
2018,505,551,2142,1086
2018,509,553,2157,1094
2018,498,560,2120,1088
2018,503,559,2142,1087
2018,516,571,2183,1085
2018,520,578,2181,1055
2018,523,579,2182,1035
2018,513,581,2148,1014
2018,507,571,2130,999
2018,515,578,2143,1003
2018,525,580,2150,991
2018,532,584,2176,1014
2018,549,579,2181,1012
2018,535,582,2232,1018
2018,535,590,2237,1026
2018,545,587,2236,1036
2018,556,590,2194,1035
2018,570,596,2167,1050
2018,541,590,2123,1019
2018,526,597,2166,1007
2018,560,603,2164,1014
2018,561,600,2152,1017
2018,575,611,2214,1046
2018,576,606,2196,1048
2018,575,616,2183,1051
2018,589,622,2204,1037
2018,583,621,2194,1017
2018,584,613,2180,1030
2018,550,569,2111,1013
2018,552,564,2096,1003
2018,557,580,2117,1035
2018,551,581,2124,1028
2018,554,587,2158,1044
2018,580,592,2225,1039
2018,592,606,2306,1080
2018,588,615,2357,1100
2018,580,621,2508,1120
2018,587,618,2559,1103
2018,579,622,2520,1101
2018,576,601,2497,1078
2018,572,603,2490,1098
2018,577,604,2462,1090
2018,584,607,2492,1108
2018,578,601,2469,1093
2018,576,610,2432,1078
2018,583,612,2448,1094
2018,588,612,2425,1102
2018,585,620,2426,1079
2018,587,616,2458,1089
2018,592,615,2477,1116
2018,579,615,2473,1108
2018,581,617,2411,1107
2018,569,607,2339,1099
2018,572,608,2409,1081
2018,574,612,2404,1099
2019,433,478,2875,1846
2019,430,480,2889,1849
2019,426,481,2898,1830
2019,422,474,2866,1816
2019,430,479,2896,1817
2019,428,468,2908,1808
2019,430,466,2863,1818
2019,434,468,2870,1829
2019,440,468,2873,1838
2019,429,464,2827,1845
2019,435,458,2816,1861
2019,439,461,2822,1842
2019,434,461,2906,1829
2019,430,450,2888,1822
2019,428,453,2898,1814
2019,427,448,2909,1806
2019,429,455,2891,1784
2019,437,462,2872,1802
2019,444,470,2878,1809
2019,434,464,2858,1795
2019,440,464,2872,1785
2019,450,467,2914,1786
2019,457,468,2977,1793
2019,459,468,2972,1811
2019,451,479,2966,1784
2019,459,484,2921,1764
2019,452,479,2871,1733
2019,447,486,2879,1747
2019,450,483,2839,1764
2019,426,472,2743,1733
2019,425,461,2737,1736
2019,415,463,2731,1748
2019,410,451,2734,1657
2019,412,448,2763,1673
2019,421,455,2816,1711
2019,422,463,2822,1700
2019,441,472,2871,1718
2019,428,481,2863,1705
2019,430,468,2816,1687
2019,438,468,2798,1735
2019,438,469,2757,1743
2019,433,467,2783,1755
2019,430,465,2760,1737
2019,422,473,2803,1754
2019,418,461,2786,1760
2019,418,460,2795,1759
2019,406,447,2825,1764
2019,405,454,2827,1735
2019,405,454,2811,1741
2019,402,444,2725,1738
2019,402,446,2727,1723
2019,400,447,2701,1720
2019,397,447,2685,1693
2019,395,441,2652,1684
2019,386,441,2651,1690
2019,387,422,2634,1667
2019,384,423,2663,1651
2019,380,408,2616,1647
2019,386,418,2618,1622
2019,388,418,2677,1628
2019,387,413,2689,1623
2019,389,426,2702,1666
2019,402,439,2731,1660
2019,412,438,2775,1675
2019,407,435,2773,1633
2019,410,450,2785,1630
2019,409,449,2767,1612
2019,414,463,2838,1638
2019,411,452,2733,1582
2019,417,459,2744,1616
2019,421,461,2738,1601
2019,427,471,2725,1645
2019,423,469,2732,1628
2019,428,468,2767,1645
2019,422,472,2761,1617
2019,429,475,2749,1627
2019,425,475,2740,1638
2019,432,478,2682,1639
2019,426,471,2603,1663
2019,439,470,2533,1639
2019,450,472,2558,1625
2019,435,465,2528,1615
2019,413,464,2512,1577
2019,417,465,2541,1594
2019,419,467,2567,1620
2019,428,466,2541,1572
2019,415,464,2545,1569
2019,417,468,2503,1533
2019,421,479,2555,1522
2019,426,476,2509,1518
2019,415,476,2493,1507
2019,417,478,2512,1532
2019,439,476,2556,1524
2019,422,485,2573,1665
2019,426,503,2572,1651
2019,421,518,2557,1634
2019,418,500,2556,1616
2019,417,519,2515,1578
2019,421,516,2529,1599
2019,425,512,2534,1615
2019,427,521,2575,1634
2019,410,520,2560,1658
2019,431,522,2654,1653
2019,440,532,2705,1667
2019,437,537,2654,1642
2019,426,519,2599,1604
2019,430,529,2599,1619
2019,430,531,2633,1625
2019,421,537,2613,1624
2019,426,547,2656,1642
2019,430,558,2666,1652
2019,433,554,2677,1649
2019,423,551,2628,1614
2019,408,557,2629,1613
2019,398,552,2653,1609
2019,392,545,2585,1623
2019,386,549,2599,1605
2019,367,538,2596,1576
2019,375,550,2601,1611
2019,392,552,2602,1620
2019,396,553,2597,1631
2019,396,555,2628,1617
2019,405,556,2655,1610
2019,401,553,2550,1597
2019,403,552,2566,1602
2019,399,557,2579,1598
2019,386,550,2536,1602
2019,383,550,2513,1576
2019,383,552,2552,1546
2019,391,551,2565,1603
2019,375,534,2551,1540
2019,378,548,2591,1543
2019,383,545,2554,1541
2019,393,556,2565,1522
2019,390,565,2588,1547
2019,391,562,2590,1535
2019,390,560,2606,1556
2019,402,555,2629,1561
2019,399,550,2581,1566
2019,404,560,2657,1580
2019,411,563,2665,1586
2019,417,568,2724,1616
2019,410,559,2678,1592
2019,413,562,2652,1585
2019,424,564,2611,1589
2019,413,578,2652,1618
2019,415,579,2658,1593
2019,416,571,2664,1766
2019,413,565,2637,1732
2019,421,553,2658,1680
2019,409,559,2667,1697
2019,414,565,2589,1660
2019,409,544,2745,1633
2019,412,550,2801,1640
2019,410,556,2814,1609
2019,419,556,2808,1617
2019,398,547,2803,1625
2019,438,556,2876,1650
2019,439,558,2901,1626
2019,439,558,2901,1669
2019,448,558,2942,1689
2019,453,563,2921,1695
2019,453,565,2907,1702
2019,452,566,2920,1714
2019,458,565,2934,1747
2019,464,568,2892,1722
2019,461,556,2925,1716
2019,469,559,2859,1743
2019,469,562,2822,1687
2019,455,561,2796,1702
2019,463,562,2799,1724
2019,463,559,2825,1715
2019,459,566,2793,1745
2019,465,555,2807,1732
2019,466,545,2812,1718
2019,472,546,2765,1723
2019,471,532,2753,1716
2019,462,525,2764,1684
2019,463,532,2754,1719
2019,466,521,2771,1701
2019,462,520,2765,1676
2019,470,523,2799,1699
2019,479,526,2795,1723
2019,479,529,2780,1703
2019,475,526,2717,1655
2019,465,526,2765,1666
2019,470,529,2782,1708
2019,465,527,2781,1706
2019,473,527,2751,1664
2019,475,533,2752,1675
2019,469,534,2709,1696
2019,466,535,2669,1689
2019,464,533,2659,1708
2019,466,533,2648,1695
2019,457,533,2656,1667
2019,470,539,2667,1700
2019,459,540,2626,1691
2019,455,540,2615,1647
2019,451,541,2681,1651
2019,461,548,2694,1706
2019,456,549,2654,1664
2019,447,552,2646,1670
2019,445,555,2632,1654
2019,443,552,2647,1638
2019,436,550,2648,1621
2019,436,548,2667,1595
2019,431,541,2640,1565
2019,430,546,2586,1550
2019,422,541,2525,1561
2019,414,540,2537,1588
2019,415,541,2566,1575
2019,423,541,2563,1621
2019,441,543,2667,1637
2019,431,544,2649,1639
2019,437,543,2653,1638
2019,429,543,2615,1635
2019,431,534,2770,1685
2019,435,533,2822,1670
2019,417,535,2790,1653
2019,410,508,2821,1616
2019,415,510,2735,1609
2019,423,521,2791,1532
2019,423,517,2721,1506
2019,418,506,2665,1503
2019,422,505,2666,1505
2019,412,492,2625,1473
2019,422,508,2672,1495
2019,423,501,2668,1493
2019,431,509,2647,1503
2019,419,507,2640,1504
2019,398,509,2600,1497
2019,391,509,2597,1509
2019,427,510,2619,1505
2019,454,512,2617,1520
2019,452,515,2595,1522
2019,451,512,2579,1530
2019,444,510,2588,1505
2019,445,513,2600,1520
2019,449,510,2603,1473
2019,448,514,2571,1459
2019,431,514,2559,1486
2019,434,513,2600,1461
2019,436,512,2577,1438
2019,440,515,2601,1471
2019,434,523,2607,1475
2020,592,820,5205,3842
2020,584,824,5171,3800
2020,591,828,5166,3784
2020,587,830,5202,3766
2020,590,833,5202,3750
2020,575,825,5224,3689
2020,568,795,5162,3721
2020,553,779,5069,3634
2020,575,793,5229,3833
2020,571,783,5073,3825
2020,577,787,5039,3718
2020,572,782,5031,3628
2020,576,789,5023,3600
2020,568,756,5017,3642
2020,565,763,5053,3732
2020,570,762,5057,3725
2020,569,766,5015,3690
2020,582,773,5029,3718
2020,569,767,4909,3712
2020,548,762,4923,3692
2020,545,758,4850,3640
2020,539,756,4830,3621
2020,512,746,4829,3605
2020,512,739,4901,3544
2020,506,732,4806,3469
2020,520,748,4916,3537
2020,513,746,4829,3546
2020,503,740,4671,3469
2020,507,742,4708,3435
2020,513,743,4704,3452
2020,518,743,4784,3427
2020,514,746,4872,3445
2020,508,745,4857,3433
2020,509,740,4827,3367
2020,506,742,4882,3353
2020,491,717,4698,3263
2020,510,763,4880,3424
2020,509,790,4903,3237
2020,513,794,4959,3209
2020,505,781,4936,3196
2020,486,759,4877,3090
2020,469,751,4859,3049
2020,466,755,4889,3142
2020,456,762,4942,3108
2020,463,765,4951,3131
2020,470,770,5099,3157
2020,475,747,4978,3042
2020,485,758,5018,3069
2020,486,758,5022,3094
2020,490,767,5047,3079
2020,486,764,5071,3086
2020,484,764,5058,3093
2020,487,782,5081,3223
2020,490,768,5056,3111
2020,502,782,5123,3130
2020,503,787,5169,3139
2020,514,814,5221,3207
2020,513,803,5153,3190
2020,524,811,5194,3231
2020,512,774,5105,3182
2020,521,780,5137,3163
2020,523,779,5160,3126
2020,507,773,5112,3065
2020,500,775,5188,3048
2020,506,762,5084,3062
2020,510,775,5130,3097
2020,490,770,5112,3061
2020,486,733,5027,3020
2020,503,767,5108,3148
2020,509,778,5168,3237
2020,504,768,5142,3159
2020,523,806,5333,3344
2020,512,752,4827,3211
2020,519,753,4628,3244
2020,506,742,4442,3185
2020,496,722,4364,3165
2020,506,726,4402,3147
2020,508,727,4380,3157
2020,509,728,4429,3157
2020,502,708,4349,3113
2020,513,717,4420,3199
2020,512,725,4323,3223
2020,523,739,4433,3283
2020,515,738,4353,3331
2020,521,737,4352,3231
2020,520,714,4265,3123
2020,556,749,4374,3273
2020,532,756,4437,3268
2020,525,748,4435,3197
2020,525,748,4428,3246
2020,533,752,4473,3240
2020,532,761,4490,3247
2020,522,763,4476,3189
2020,525,758,4489,3160
2020,526,765,4520,3151
2020,528,772,4519,3130
2020,531,772,4519,3090
2020,521,760,4502,3126
2020,532,762,4518,3117
2020,541,778,4596,3131
2020,544,796,4691,3118
2020,526,729,4574,2785
2020,532,731,4583,2738
2020,529,722,4601,2668
2020,529,714,4635,2691
2020,519,710,4527,2642
2020,532,720,4521,2617
2020,510,686,4517,2562
2020,493,681,4302,2424
2020,483,663,4051,2342
2020,476,653,4016,2362
2020,486,666,4066,2349
2020,476,671,4130,2397
2020,474,662,4062,2262
2020,477,662,4034,2282
2020,484,674,4092,2299
2020,504,689,4119,2263
2020,500,675,4152,2205
2020,495,638,4036,2225
2020,492,632,3983,2218
2020,500,638,3900,2235
2020,494,639,3905,2203
2020,482,639,3897,2176
2020,483,634,3887,2164
2020,479,637,3824,2185
2020,480,635,3892,2161
2020,477,639,3921,2190
2020,473,646,3921,2197
2020,468,627,3911,2241
2020,473,640,3945,2279
2020,482,645,3974,2317
2020,480,635,3999,2351
2020,488,635,4007,2330
2020,484,631,4043,2341
2020,500,660,4109,2380
2020,493,656,4033,2349
2020,488,636,4006,2305
2020,484,642,4007,2310
2020,486,640,3985,2300
2020,483,638,4005,2320
2020,486,644,4012,2335
2020,480,644,4008,2395
2020,474,635,4058,2356
2020,499,643,4113,2395
2020,501,640,4124,2422
2020,489,635,3968,2413
2020,494,651,4025,2460
2020,495,661,3999,2421
2020,476,641,3962,2382
2020,473,638,3895,2411
2020,465,643,3954,2480
2020,474,648,4071,2390
2020,459,628,3888,2285
2020,451,633,3883,2290
2020,459,628,3864,2296
2020,469,639,3893,2320
2020,466,617,3848,2357
2020,456,621,3910,2373
2020,442,595,3700,2322
2020,441,600,3679,2330
2020,449,570,3735,2335
2020,456,570,3732,2367
2020,452,570,3780,2340
2020,464,570,3773,2364
2020,464,586,3862,2327
2020,469,592,3984,2301
2020,452,590,3838,2259
2020,454,592,3853,2291
2020,456,597,3834,2284
2020,465,612,3939,2287
2020,464,590,3936,2333
2020,478,596,3881,2370
2020,474,599,3950,2363
2020,490,609,3980,2426
2020,486,599,4003,2425
2020,477,587,4027,2417
2020,474,587,4057,2385
2020,473,592,4016,2407
2020,473,585,3845,2343
2020,457,598,3930,2332
2020,464,600,3861,2393
2020,449,592,3808,2395
2020,462,593,3747,2341
2020,454,580,3622,2311
2020,437,513,3683,2169
2020,417,492,3583,2068
2020,376,449,3147,1901
2020,344,414,3095,1877
2020,352,423,3121,1989
2020,333,432,2994,1894
2020,338,408,2917,1863
2020,338,386,2949,1883
2020,348,376,2922,1928
2020,335,377,2858,1920
2020,325,375,2768,1852
2020,365,393,2897,1995
2020,360,375,2624,1871
2020,363,386,2668,1805
2020,370,402,2781,1895
2020,369,396,2827,1892
2020,384,426,2885,1963
2020,355,395,2850,1913
2020,386,417,3001,2149
2020,393,426,3061,2182
2020,401,434,3171,2240
2020,405,441,3184,2224
2020,405,448,3171,2175
2020,394,425,3044,2183
2020,370,402,2906,2109
2020,373,402,2927,2107
2020,389,421,3067,2157
2020,375,422,3075,2142
2020,389,426,3087,2116
2020,398,430,3176,2160
2020,405,436,3255,2169
2020,404,448,3278,2186
2020,409,436,3251,2175
2020,408,432,3296,2155
2020,419,447,3304,2146
2020,419,443,3325,2156
2020,415,447,3196,2122
2020,419,451,3191,2147
2020,420,445,3149,2089
2020,431,443,3167,2086
2020,431,440,3159,2023
2020,426,448,3133,1963
2020,426,448,3242,1961
2020,418,445,3144,1973
2020,423,444,3123,1987
2020,434,447,3115,1952
2020,442,451,3155,1959
2020,450,462,3148,1961
2020,453,465,3189,1947
2020,448,464,3189,1918
2020,448,459,3031,1911
2020,450,465,3038,1897
2020,446,472,3062,1855
2020,447,473,3060,1871
2020,449,480,3060,1892
2020,455,480,3034,1903
2020,449,480,2937,1899
2020,449,484,2919,1866
2020,446,484,2948,1874
2020,445,478,2955,1879
2020,444,474,2933,1866
2020,440,470,2921,1843
2020,440,465,2897,1834
2020,446,469,2884,1844
2020,440,467,2879,1838
2020,445,470,2884,1835
2020,435,474,2865,1826
2020,434,476,2879,1819
2021,846,944,4907,4678
2021,834,953,4905,4628
2021,839,936,4833,4622
2021,815,933,4744,4525
2021,794,930,4737,4473
2021,785,908,4639,4447
2021,792,910,4695,4479
2021,798,890,4649,4564
2021,779,887,4621,4406
2021,764,894,4561,4408
2021,769,860,4518,4511
2021,764,881,4597,4601
2021,775,896,4600,4589
2021,756,896,4647,4654
2021,763,891,4600,4530
2021,761,894,4593,4506
2021,760,895,4594,4577
2021,758,898,4571,4605
2021,744,889,4521,4625
2021,737,895,4499,4647
2021,752,912,4597,4757
2021,766,921,4663,4777
2021,745,928,4606,4752
2021,754,971,4676,4879
2021,751,965,4698,4921
2021,767,967,4751,4938
2021,783,900,4592,4800
2021,779,893,4598,4683
2021,785,911,4632,4763
2021,771,895,4608,4679
2021,791,892,4671,4786
2021,791,905,4768,4764
2021,798,922,4818,4853
2021,811,938,4874,4908
2021,807,916,4843,4844
2021,795,905,4815,4833
2021,811,912,4829,4906
2021,801,914,4792,4951
2021,800,914,4789,4897
2021,795,911,4766,5208
2021,788,913,4772,5140
2021,815,903,4746,5205
2021,812,909,4801,5228
2021,795,905,4659,5150
2021,808,892,4570,5121
2021,825,923,4663,5149
2021,814,908,4666,5019
2021,813,902,4676,4996
2021,813,896,4637,5073
2021,818,912,4652,5194
2021,815,906,4754,5116
2021,827,906,4802,5192
2021,836,904,4878,5343
2021,841,911,4959,5372
2021,843,914,4928,5249
2021,830,916,4910,5226
2021,833,914,4894,5143
2021,821,917,4849,5071
2021,823,916,4891,5098
2021,801,913,4957,5137
2021,821,935,5035,5218
2021,832,958,5043,5221
2021,827,986,4956,4832
2021,818,984,4881,4799
2021,811,988,4881,4806
2021,775,971,4833,4784
2021,763,963,4792,4933
2021,770,968,4790,5109
2021,770,968,4797,5212
2021,770,964,4846,5140
2021,765,956,4854,5179
2021,757,938,4775,5110
2021,770,954,4885,5123
2021,781,954,4932,5167
2021,781,953,4963,5159
2021,781,953,4931,5095
2021,780,950,4931,5085
2021,776,949,4912,5055
2021,777,952,4911,5085
2021,770,951,4897,5210
2021,784,950,4916,5205
2021,789,941,4899,5208
2021,790,955,4860,5166
2021,789,923,4763,5203
2021,794,948,4704,5174
2021,787,935,4678,5104
2021,772,924,4601,4911
2021,761,911,4504,4847
2021,769,913,4549,4857
2021,771,918,4587,4863
2021,759,898,4515,4875
2021,761,891,4556,4819
2021,783,909,4687,4910
2021,784,905,4701,4908
2021,781,888,4661,4899
2021,778,894,4652,4949
2021,779,905,4716,4909
2021,780,910,4745,4919
2021,793,913,4770,4955
2021,789,919,4819,4906
2021,785,911,4786,4916
2021,786,945,4782,4924
2021,786,940,4769,4964
2021,795,928,4722,5007
2021,775,921,4702,4929
2021,774,920,4711,4906
2021,703,883,4673,4844
2021,688,890,4732,4891
2021,688,913,4843,4791
2021,703,951,5411,4921
2021,694,948,5422,4825
2021,687,950,5385,4843
2021,676,955,5344,4788
2021,689,974,5419,4807
2021,689,977,5407,4758
2021,683,974,5394,4607
2021,686,977,5391,4623
2021,683,966,5437,4606
2021,669,960,5494,4589
2021,668,960,5460,4600
2021,667,951,5467,4511
2021,680,965,5562,4553
2021,673,969,5539,4524
2021,680,975,5538,4560
2021,681,979,5576,4520
2021,684,978,5559,4436
2021,675,972,5423,4408
2021,678,980,5433,4356
2021,676,963,5404,4314
2021,672,957,5309,4249
2021,665,951,5278,4250
2021,665,958,5299,4225
2021,667,956,5308,4289
2021,671,960,5282,4229
2021,669,961,5284,4197
2021,665,951,5287,4302
2021,669,957,5406,4301
2021,673,970,5411,4313
2021,677,976,5461,4388
2021,681,968,5453,4335
2021,676,974,5292,4373
2021,673,959,5223,4267
2021,679,954,5275,4241
2021,675,940,5219,4230
2021,674,946,5255,4262
2021,676,948,5283,4232
2021,677,955,5312,4214
2021,671,946,5317,4220
2021,668,949,5309,4194
2021,670,934,5195,4120
2021,700,942,5269,4079
2021,704,945,5285,4099
2021,696,936,5311,4098
2021,691,931,5272,4097
2021,690,927,5216,4080
2021,687,924,5236,4041
2021,703,904,5238,4040
2021,691,884,5215,4024
2021,687,881,5250,4043
2021,691,904,5197,4021
2021,703,899,5301,4061
2021,708,891,5296,4074
2021,698,900,5328,4139
2021,679,883,5175,4029
2021,679,884,5168,4063
2021,683,889,5161,4035
2021,645,878,5067,3985
2021,659,910,5186,4074
2021,654,910,5163,4062
2021,645,907,5102,3911
2021,643,910,5044,3883
2021,639,912,5057,3909
2021,635,905,5067,3784
2021,638,936,5067,3780
2021,640,944,5200,3755
2021,645,949,5157,3780
2021,641,946,4968,3807
2021,646,938,4893,3822
2021,633,914,4846,3783
2021,627,885,4777,3718
2021,619,902,4997,3780
2021,637,883,4760,3752
2021,614,842,4689,3715
2021,621,841,4693,3699
2021,620,836,4619,3688
2021,609,820,4557,3611
2021,611,818,4588,3616
2021,598,815,4516,3623
2021,598,812,4518,3584
2021,587,787,4406,3465
2021,576,787,4381,3450
2021,585,793,4351,3481
2021,588,776,4372,3496
2021,591,773,4354,3406
2021,578,761,4274,3370
2021,575,755,4213,3273
2021,585,772,4356,3378
2021,602,792,4450,3378
2021,606,806,4342,3411
2021,614,806,4427,3512
2021,626,812,4500,3528
2021,613,797,4448,3503
2021,615,809,4492,3508
2021,611,805,4493,3497
2021,619,807,4575,3553
2021,624,813,4503,3565
2021,614,812,4405,3517
2021,604,790,4453,3462
2021,595,787,4427,3363
2021,610,809,4480,3440
2021,601,789,4436,3480
2021,604,791,4495,3448
2021,595,792,4469,3497
2021,607,807,4681,3523
2021,616,825,4617,3588
2021,621,836,4601,3615
2021,631,848,4697,3687
2021,628,844,4710,3711
2021,627,849,4792,3719
2021,644,860,4825,3754
2021,627,863,4824,3750
2021,624,842,4844,3723
2021,635,847,4860,3782
2021,635,848,4801,3822
2021,632,834,4668,3679
2021,629,849,4650,3680
2021,609,822,4483,3549
2021,590,806,4428,3464
2021,586,826,4603,3370
2021,564,842,4872,3430
2021,570,843,4909,3483
2021,586,837,5082,3569
2021,575,808,5037,3545
2021,583,813,5052,3605
2021,595,833,5081,3606
2021,597,822,5089,3599
2021,581,802,5052,3565
2021,604,824,5213,3645
2021,607,841,5309,3725
2021,602,842,5290,3719
2021,610,843,5354,3768
2021,621,857,5417,3822
2021,621,839,5338,3859
2021,602,827,5271,3803
2021,605,825,5288,3880
2021,603,827,5287,3842
2021,604,832,5272,3862
2021,596,827,5241,3849
2022,1001,1076,4238,3413
2022,1001,1088,4261,3412
2022,995,1086,4253,3446
2022,1000,1096,4251,3477
2022,1000,1097,4249,3429
2022,1002,1119,4310,3498
2022,1011,1122,4349,3496
2022,1006,1128,4408,3519
2022,988,1091,4370,3352
2022,988,1097,4396,3346
2022,994,1089,4309,3327
2022,1002,1102,4469,3365
2022,1000,1113,4505,3394
2022,995,1110,4458,3356
2022,987,1097,4452,3339
2022,993,1108,4407,3274
2022,981,1108,4356,3287
2022,1018,1105,4362,3338
2022,1034,1110,4374,3356
2022,1039,1115,4479,3369
2022,1040,1114,4510,3381
2022,1046,1125,4474,3409
2022,1046,1140,4487,3405
2022,1050,1121,4453,3373
2022,1035,1102,4402,3376
2022,1034,1105,4418,3343
2022,1035,1095,4414,3305
2022,1018,1108,4406,3300
2022,1010,1104,4363,3306
2022,1003,1104,4350,3266
2022,1010,1102,4409,3287
2022,1013,1120,4421,3290
2022,1019,1121,4481,3290
2022,1016,1119,4434,3327
2022,1017,1130,4364,3276
2022,1014,1121,4539,3271
2022,1011,1122,4549,3287
2022,1014,1129,4535,3299
2022,1028,1131,4485,3415
2022,1040,1146,4525,3746
2022,1044,1163,4590,3781
2022,1052,1159,4556,3781
2022,1037,1173,4535,3836
2022,1017,1167,4434,3609
2022,990,1155,4460,3548
2022,1012,1166,4491,3621
2022,992,1156,4442,3597
2022,987,1147,4378,3612
2022,978,1135,4331,3571
2022,980,1137,4349,3652
2022,977,1122,4317,3608
2022,978,1126,4357,3572
2022,980,1108,4335,3579
2022,976,1109,4311,3573
2022,968,1104,4255,3524
2022,956,1108,4241,3528
2022,945,1110,4283,3502
2022,946,1119,4380,3687
2022,955,1131,4377,3736
2022,954,1134,4398,3733
2022,945,1145,4414,3780
2022,945,1131,4420,3727
2022,949,1115,4336,3705
2022,931,1116,4361,3694
2022,918,1097,4270,3703
2022,897,1099,4182,3680
2022,901,1066,4128,3670
2022,921,1068,4139,3643
2022,908,1062,4182,3580
2022,905,1070,4153,3574
2022,912,1092,4216,3632
2022,875,1036,4099,3620
2022,868,1044,4077,3574
2022,874,1033,4169,3605
2022,884,1060,4214,3669
2022,890,1059,4253,3668
2022,888,1065,4261,3678
2022,890,1058,4255,3603
2022,894,1056,4272,3568
2022,894,1052,4249,3591
2022,888,1041,4239,3586
2022,885,1026,4214,3593
2022,870,1016,4190,3598
2022,872,1023,4202,3599
2022,893,1038,4245,3627
2022,879,1017,4210,3582
2022,880,1021,4223,3588
2022,877,1026,4238,3536
2022,881,1037,4218,3497
2022,888,1041,4225,3532
2022,881,1023,4187,3581
2022,901,1030,4204,3696
2022,917,1032,4225,3744
2022,921,1026,4316,3748
2022,915,1035,4298,3732
2022,913,1027,4261,3726
2022,921,1038,4258,3948
2022,920,1038,4243,3949
2022,910,1030,4223,3938
2022,916,1034,4157,3912
2022,919,1045,4148,3888
2022,897,1012,4096,3821
2022,917,1004,4085,3825
2022,919,1005,4110,3795
2022,943,977,4090,3832
2022,895,967,4260,3850
2022,894,974,4286,3786
2022,868,956,4212,3687
2022,868,960,4331,3774
2022,875,972,4374,3797
2022,870,969,4371,3795
2022,868,982,4459,3742
2022,875,961,4448,3753
2022,883,967,4466,3738
2022,878,966,4546,3728
2022,880,951,4575,3734
2022,860,953,4502,3779
2022,852,936,4484,3687
2022,857,948,4501,3734
2022,858,935,4406,3671
2022,849,935,4336,3656
2022,838,946,4390,3645
2022,836,937,4394,3610
2022,829,931,4354,3640
2022,829,949,4386,3638
2022,831,917,4394,3630
2022,839,948,4364,3583
2022,829,945,4375,3613
2022,836,932,4321,3673
2022,825,934,4310,3681
2022,825,933,4295,3666
2022,809,917,4261,3600
2022,817,938,4269,3600
2022,805,926,4152,3534
2022,793,915,4147,3482
2022,815,941,4288,3565
2022,822,969,4336,3581
2022,825,965,4311,3526
2022,830,955,4267,3474
2022,846,967,4352,3528
2022,859,972,4323,3507
2022,847,963,4199,3495
2022,848,973,4144,3501
2022,860,976,4306,3500
2022,865,961,4340,3478
2022,860,987,4333,3524
2022,839,984,4319,3555
2022,861,993,4370,3591
2022,888,987,4370,3567
2022,904,966,4391,3515
2022,900,965,4304,3449
2022,911,972,4307,3519
2022,910,970,4347,3662
2022,922,970,4275,3898
2022,916,978,4249,4305
2022,885,938,3929,4199
2022,899,957,3906,4367
2022,892,938,3904,4303
2022,886,933,3888,4218
2022,883,935,3924,4281
2022,850,921,3880,4233
2022,855,938,3884,4294
2022,862,926,3914,4296
2022,885,938,3906,4231
2022,883,935,3931,4166
2022,878,948,3964,4366
2022,901,958,3992,4344
2022,923,977,4124,4510
2022,929,981,4132,4505
2022,921,981,4122,4565
2022,906,978,4077,4531
2022,918,978,4155,4520
2022,900,953,4115,4410
2022,925,967,4193,4493
2022,944,999,4320,4529
2022,924,1012,4293,4456
2022,922,1000,4210,4411
2022,928,1028,4285,4525
2022,937,1017,4299,4499
2022,921,1027,4372,4473
2022,925,1026,4381,4504
2022,925,1012,4430,4506
2022,931,1037,4317,4448
2022,928,1029,4277,4387
2022,929,1021,4330,4461
2022,926,1028,4317,4498
2022,909,1015,4279,4380
2022,915,1018,4295,4402
2022,921,1029,4354,4539
2022,919,1039,4324,4562
2022,906,1017,4285,4417
2022,902,1014,4361,4454
2022,909,1029,4329,4495
2022,901,1014,4127,4554
2022,914,1033,4030,4449
2022,914,1050,4005,4456
2022,912,1049,4042,4504
2022,889,1056,3944,4402
2022,892,1068,3900,4386
2022,892,1049,3957,4394
2022,902,1044,3976,4339
2022,870,987,3893,4301
2022,868,982,3930,4234
2022,855,970,3869,4164
2022,823,941,3769,4075
2022,830,931,3829,4095
2022,821,935,3719,4160
2022,821,923,3853,4161
2022,844,925,4063,4265
2022,832,924,4177,4138
2022,818,896,4093,3937
2022,840,915,4201,4182
2022,846,913,4219,4225
2022,844,907,4298,4258
2022,863,909,4321,4353
2022,863,928,4301,4442
2022,869,933,4316,4465
2022,877,922,4278,4326
2022,865,955,4205,4278
2022,880,959,4325,4291
2022,894,975,4371,4314
2022,886,968,4369,4329
2022,894,948,4322,4278
2022,887,933,4309,4202
2022,894,946,4352,4305
2022,884,953,4375,4262
2022,891,952,4415,4220
2022,892,946,4309,4108
2022,835,945,4303,4036
2022,827,932,4219,3941
2022,812,928,4256,3940
2022,808,906,4403,4049
2022,801,892,4364,4057
2022,809,867,4496,4179
2022,820,882,4592,4330
2022,839,896,4685,4482
2022,847,902,4694,4527
2022,853,910,4672,4630
2022,860,922,4689,4617
2022,866,924,4726,4590
2022,836,906,4693,4493
2022,832,916,4669,4517
2022,827,916,4699,4466
2022,829,915,4708,4517
2022,830,922,4739,4489
2022,835,929,4790,4558
2022,838,924,4835,4622
2022,849,931,4853,4651
2023,1259,1246,5798,3904
2023,1262,1261,5859,3940
2023,1252,1240,5715,3884
2023,1248,1245,5632,3864
2023,1244,1236,5628,3695
2023,1234,1222,5555,3633
2023,1232,1236,5579,3620
2023,1245,1237,5637,3724
2023,1253,1217,5591,3713
2023,1236,1207,5589,3697
2023,1231,1205,5573,3683
2023,1233,1217,5599,3656
2023,1218,1199,5540,3648
2023,1241,1202,5474,3671
2023,1236,1219,5764,3682
2023,1239,1223,5785,3734
2023,1240,1205,5730,3734
2023,1240,1224,5776,3741
2023,1231,1217,5756,3798
2023,1231,1206,5749,3793
2023,1226,1212,5788,3789
2023,1202,1202,5715,3730
2023,1191,1192,5676,3760
2023,1195,1199,5646,3765
2023,1199,1171,5645,3689
2023,1204,1272,5665,3702
2023,1201,1253,5646,3722
2023,1188,1247,5604,3673
2023,1195,1249,5612,3601
2023,1190,1235,5544,3548
2023,1181,1242,5420,3537
2023,1178,1241,5420,3510
2023,1181,1244,5450,3517
2023,1179,1240,5425,3493
2023,1176,1238,5458,3499
2023,1177,1241,5454,3491
2023,1171,1216,5404,3481
2023,1150,1204,5338,3507
2023,1141,1206,5263,3351
2023,1133,1209,5339,3344
2023,1116,1201,5346,3346
2023,1089,1200,5368,3388
2023,1115,1193,5345,3403
2023,1111,1174,5397,3412
2023,1104,1151,5422,3406
2023,1120,1157,5514,3443
2023,1122,1184,5552,3501
2023,1142,1200,5569,3554
2023,1142,1223,5631,3638
2023,1153,1211,5677,3641
2023,1137,1174,5544,3647
2023,1135,1164,5493,3655
2023,1145,1168,5460,3735
2023,1130,1158,5530,3755
2023,1129,1172,5568,3751
2023,1127,1155,5479,3714
2023,1123,1160,5495,3705
2023,1127,1163,5425,3722
2023,1119,1161,5407,3697
2023,1124,1167,5418,3708
2023,1141,1183,5462,3724
2023,1159,1186,5587,3765
2023,1132,1164,5429,3665
2023,1140,1181,5496,3768
2023,1126,1164,5468,3754
2023,1124,1179,5439,3729
2023,1132,1186,5517,3705
2023,1146,1206,5669,3747
2023,1153,1240,5615,3780
2023,1148,1241,5728,3785
2023,1150,1236,5820,3816
2023,1144,1234,5745,3818
2023,1149,1229,5739,3751
2023,1145,1240,5674,3788
2023,1137,1247,5614,3736
2023,1130,1245,5584,3699
2023,1133,1249,5615,3694
2023,1142,1257,5583,3708
2023,1132,1239,5579,3642
2023,1109,1239,5659,3629
2023,1109,1245,5579,3589
2023,1112,1258,5608,3592
2023,1115,1236,5650,3631
2023,1112,1230,5724,3657
2023,1117,1229,5776,3633
2023,1106,1209,5779,3637
2023,1118,1221,5907,3664
2023,1124,1231,5953,3704
2023,1138,1221,5926,3653
2023,1137,1234,5911,3665
2023,1135,1236,5874,3655
2023,1145,1241,5881,3655
2023,1144,1244,5858,3712
2023,1134,1236,5823,3731
2023,1132,1250,5823,3679
2023,1150,1259,5851,3746
2023,1153,1266,5871,3738
2023,1149,1266,5658,3846
2023,1161,1224,5631,3911
2023,1139,1210,5650,3745
2023,1141,1166,5660,3726
2023,1135,1168,5660,3691
2023,1143,1178,5667,3640
2023,1143,1175,5640,3684
2023,1139,1178,5583,3739
2023,1135,1171,5507,3742
2023,1112,1069,5476,3680
2023,1095,1055,5425,3719
2023,1100,1049,5392,3686
2023,1097,1049,5288,3688
2023,1098,1057,5339,3667
2023,1082,1036,5221,3638
2023,1067,1031,5191,3627
2023,1078,1033,5230,3663
2023,1073,1031,5092,3677
2023,1076,1021,5142,3621
2023,1079,1022,5189,3634
2023,1072,1028,5166,3641
2023,1045,1017,5155,3640
2023,1036,1021,5183,3669
2023,1043,1021,5232,3737
2023,1045,1011,5178,3748
2023,1049,1012,5188,3550
2023,1033,1002,5098,3588
2023,1052,1015,5160,3584
2023,1022,1010,5108,3602
2023,1002,1009,5026,3583
2023,995,1022,5042,3534
2023,991,989,4994,3463
2023,990,998,4899,3544
2023,992,1009,4910,3510
2023,992,1011,4901,3566
2023,1002,1011,4879,3585
2023,992,1006,4915,3580
2023,988,998,4803,3581
2023,987,979,4699,3486
2023,988,982,4702,3488
2023,985,960,4676,3438
2023,984,969,4667,3429
2023,987,965,4649,3500
2023,1015,960,4674,3542
2023,1014,972,4637,3538
2023,1009,975,4604,3462
2023,1000,966,4610,3512
2023,988,965,4552,3525
2023,975,953,4501,3444
2023,960,960,4519,3458
2023,968,956,4556,3478
2023,970,951,4531,3514
2023,945,945,4504,3436
2023,952,938,4519,3383
2023,932,930,4461,3386
2023,937,925,4458,3265
2023,926,916,4392,3098
2023,930,915,4423,3154
2023,936,924,4482,3268
2023,941,922,4515,3279
2023,953,923,4519,3277
2023,956,937,4466,3315
2023,961,944,4532,3329
2023,954,944,4867,3425
2023,957,939,4933,3383
2023,962,933,4907,3286
2023,970,925,4943,3291
2023,974,934,4968,3283
2023,964,921,4952,3269
2023,973,918,4950,3254
2023,988,908,4930,3268
2023,979,914,4919,3238
2023,971,911,4845,3220
2023,973,910,4833,3226
2023,979,903,4806,3193
2023,989,915,4869,3232
2023,988,904,4858,3203
2023,996,912,4909,3343
2023,1005,924,4912,3271
2023,999,906,4852,3163
2023,1004,916,4853,3184
2023,1017,918,4881,3212
2023,1009,907,4763,2927
2023,1009,902,4760,2910
2023,1012,893,4699,2921
2023,997,896,4683,2890
2023,979,891,4657,2875
2023,983,901,4623,2823
2023,992,888,4568,2820
2023,984,890,4527,2806
2023,983,889,4486,2829
2023,973,877,4464,2807
2023,978,869,4447,2803
2023,972,863,4475,2791
2023,956,862,4419,2768
2023,961,867,4439,2800
2023,958,874,4436,2792
2023,967,883,4384,2802
2023,951,878,4395,2776
2023,957,872,4350,2757
2023,954,875,4370,2767
2023,956,881,4396,2788
2023,953,882,4381,2810
2023,958,877,4426,2835
2023,965,881,4439,2847
2023,967,879,4438,2850
2023,965,886,4391,2861
2023,959,900,4344,2845
2023,957,906,4317,2826
2023,965,950,4421,2859
2023,971,962,4491,2915
2023,973,960,4450,2873
2023,969,963,4477,2921
2023,972,966,4486,2919
2023,984,964,4475,2901
2023,985,1026,4510,2830
2023,995,1036,4519,2877
2023,995,1031,4520,2823
2023,1007,1028,4538,2792
2023,1015,1022,4525,2773
2023,1007,1033,4500,2811
2023,1007,1022,4488,2823
2023,1013,1039,4488,2799
2023,1006,1031,4440,2751
2023,1023,1030,4350,2778
2023,1028,1022,4358,2884
2023,1008,1025,4370,3267
2023,1015,1032,4352,3357
2023,1035,1018,4324,3315
2023,1052,1034,4329,3366
2023,1043,1047,4314,3387
2023,1040,1035,4201,3336
2023,1041,1062,4253,3356
2023,1049,1063,4338,3386
2023,1030,1053,4351,3343
2023,1041,1065,4332,3382
2023,1040,1063,4364,3389
2023,1033,1069,4352,3347
2023,1035,1060,4326,3333
2023,1032,1068,4320,3352
2023,1033,1061,4311,3305
2023,1028,1048,4262,3411
2023,1012,1079,4289,3502
2023,1017,1087,4334,3460
2023,1009,1076,4272,3435
2023,1016,1088,4298,3462
2023,1004,1067,4254,3436
2023,1009,1076,4238,3393
2023,997,1071,4235,3373
2024,1326,1308,5689,3884
2024,1316,1326,5692,3905
2024,1325,1329,5787,3903
2024,1324,1289,5750,3985
2024,1305,1272,5761,3934
2024,1300,1287,5836,4015
2024,1313,1297,5842,4042
2024,1299,1300,5932,4031
2024,1296,1282,5927,4030
2024,1260,1251,5822,3916
