Date,Reliance,Tata Power,NTPC,ONGC
2013,403,88,114,193
2013,399,86,113,193
2013,395,87,114,195
2013,399,87,114,195
2013,404,83,115,191
2013,403,86,114,193
2013,403,88,113,190
2013,384,86,113,182
2013,387,88,113,188
2013,377,85,112,183
2013,380,86,115,184
2013,389,84,114,187
2013,391,86,116,189
2013,397,83,116,195
2013,398,85,113,199
2013,395,86,128,203
2013,390,85,124,196
2013,392,81,120,194
2013,385,79,121,191
2013,388,77,121,195
2013,385,77,123,197
2013,384,77,123,199
2013,381,75,123,195
2013,377,75,122,193
2013,378,75,124,191
2013,383,75,125,192
2013,379,74,126,185
2013,381,75,125,180
2013,388,77,129,184
2013,395,76,129,185
2013,393,76,130,186
2013,383,76,127,180
2013,380,75,125,179
2013,383,76,124,177
2013,388,79,125,180
2013,394,79,127,185
2013,398,79,127,189
2013,404,81,127,188
2013,409,81,123,189
2013,409,80,122,193
2013,408,80,122,192
2013,411,79,124,196
2013,404,78,123,192
2013,403,78,122,194
2013,401,76,120,191
2013,399,77,121,189
2013,398,78,119,189
2013,403,79,121,188
2013,407,79,124,191
2013,411,77,123,190
2013,407,77,122,189
2013,396,76,120,187
2013,390,77,121,183
2013,391,78,120,184
2013,388,79,120,184
2013,387,81,123,182
2013,387,83,121,182
2013,380,81,120,179
2013,380,79,119,177
2013,384,78,119,176
2013,381,78,120,178
2013,369,75,120,175
2013,370,78,123,179
2013,378,79,123,183
2013,377,80,125,185
2013,382,79,124,186
2013,393,78,121,183
2013,393,76,119,184
2013,397,79,124,193
2013,400,80,123,199
2013,392,75,121,189
2013,386,73,117,186
2013,388,74,119,191
2013,393,76,118,188
2013,394,74,116,186
2013,399,71,115,193
2013,400,70,116,195
2013,390,68,112,192
2013,388,70,109,180
2013,382,70,108,172
2013,374,69,107,167
2013,399,72,109,168
2013,384,73,109,166
2013,380,74,109,166
2013,365,74,105,162
2013,361,72,104,173
2013,370,75,110,179
2013,369,75,108,184
2013,362,72,109,180
2013,352,71,109,167
2013,371,71,113,171
2013,369,72,114,175
2013,372,71,116,181
2013,389,75,120,193
2013,384,74,120,183
2013,380,73,115,185
2013,389,75,114,182
2013,392,74,114,182
2013,378,69,112,178
2013,387,81,113,184
2013,386,82,108,185
2013,382,85,110,186
2013,392,85,109,194
2013,386,83,115,187
2013,398,85,118,198
2013,400,86,118,202
2013,401,87,117,204
2013,409,89,118,206
2013,409,91,119,208
2013,409,90,119,205
2013,415,89,120,211
2013,412,90,122,210
2013,411,88,123,201
2013,405,86,119,200
2013,403,86,119,197
2013,400,86,122,198
2013,391,85,120,203
2013,385,83,118,197
2013,393,83,119,201
2013,390,82,117,203
2013,396,83,120,211
2013,387,83,120,206
2013,383,80,120,207
2013,392,84,121,215
2013,398,86,123,219
2013,388,83,120,221
2013,373,79,117,214
2013,361,78,118,206
2013,361,78,115,208
2013,356,79,118,199
2013,357,79,119,205
2013,359,78,117,200
2013,374,80,121,206
2013,370,80,122,205
2013,371,79,126,209
2013,366,78,127,208
2013,355,75,125,206
2013,356,77,126,206
2013,353,79,125,205
2013,355,85,125,214
2013,352,86,123,213
2013,356,85,126,216
2013,361,86,128,216
2013,351,86,128,212
2013,354,85,127,211
2013,363,86,129,219
2013,376,87,131,223
2013,381,87,128,223
2013,379,88,129,223
2013,372,88,127,218
2013,354,88,125,217
2013,353,85,124,219
2013,368,88,129,219
2013,373,89,127,218
2013,374,90,133,222
2013,376,91,133,227
2013,378,90,130,225
2013,368,91,131,223
2013,359,91,128,218
2013,361,90,128,214
2013,366,91,128,219
2013,366,91,129,218
2013,368,91,130,214
2013,373,91,130,213
2013,372,91,132,213
2013,369,91,131,213
2013,360,90,133,216
2013,361,91,134,219
2013,354,91,131,218
2013,356,92,130,219
2013,356,92,129,216
2013,369,91,129,218
2013,361,91,124,218
2013,355,92,124,219
2013,351,92,122,223
2013,348,91,120,219
2013,362,93,120,221
2013,357,91,117,213
2014,401,82,120,228
2014,396,81,118,228
2014,403,81,117,231
2014,400,81,116,230
2014,398,81,116,229
2014,402,81,119,235
2014,407,84,116,238
2014,405,83,113,233
2014,396,81,111,230
2014,391,79,107,229
2014,389,80,107,224
2014,395,84,111,229
2014,397,84,111,225
2014,407,85,111,233
2014,419,87,113,241
2014,423,85,112,235
2014,425,89,117,246
2014,430,89,118,244
2014,431,89,118,247
2014,435,91,119,248
2014,433,91,117,240
2014,432,90,117,243
2014,446,93,119,253
2014,445,92,118,255
2014,444,91,118,257
2014,447,90,117,258
2014,443,92,119,254
2014,449,88,119,256
2014,441,89,119,257
2014,440,89,120,256
2014,445,89,122,260
2014,443,89,122,264
2014,436,89,119,262
2014,436,89,119,257
2014,438,91,119,262
2014,440,94,122,263
2014,436,93,122,263
2014,441,91,120,273
2014,446,92,121,269
2014,451,93,123,270
2014,450,94,125,270
2014,440,91,123,264
2014,428,91,122,262
2014,420,91,123,261
2014,423,88,122,263
2014,428,88,122,269
2014,425,88,122,266
2014,418,88,123,272
2014,420,87,120,279
2014,422,85,117,265
2014,419,84,115,265
2014,432,87,117,268
2014,431,85,117,271
2014,432,83,118,269
2014,429,85,119,274
2014,421,82,120,271
2014,416,81,117,265
2014,417,81,116,269
2014,425,83,116,272
2014,420,84,116,272
2014,420,84,116,275
2014,418,84,114,267
2014,434,85,115,276
2014,434,85,114,272
2014,446,87,114,279
2014,448,88,115,269
2014,452,88,114,276
2014,445,86,111,272
2014,440,84,110,273
2014,451,89,113,281
2014,457,89,115,286
2014,458,91,117,286
2014,457,90,116,297
2014,465,89,117,300
2014,467,88,117,303
2014,461,88,119,296
2014,461,89,119,292
2014,464,90,116,291
2014,460,89,117,296
2014,456,90,116,293
2014,449,87,115,290
2014,447,89,116,285
2014,447,88,118,279
2014,448,90,118,286
2014,449,94,119,285
2014,447,93,119,284
2014,449,95,121,283
2014,454,93,120,290
2014,456,92,119,288
2014,451,91,118,273
2014,445,89,117,268
2014,443,91,116,270
2014,441,91,113,262
2014,441,91,115,263
2014,445,95,117,267
2014,444,96,117,265
2014,442,97,117,270
2014,443,96,118,262
2014,439,95,117,258
2014,453,98,121,264
2014,452,100,125,266
2014,452,101,124,263
2014,459,101,124,267
2014,468,103,125,270
2014,465,103,125,270
2014,464,104,125,273
2014,449,104,123,271
2014,439,106,125,274
2014,442,109,125,276
2014,445,105,122,277
2014,437,105,121,275
2014,432,105,123,269
2014,435,102,125,264
2014,448,106,126,269
2014,450,103,126,270
2014,447,106,128,264
2014,462,111,134,277
2014,464,107,132,281
2014,453,107,131,279
2014,458,109,133,284
2014,453,108,129,282
2014,457,108,130,283
2014,455,104,127,274
2014,455,104,127,274
2014,473,105,131,291
2014,477,104,129,295
2014,467,102,127,292
2014,466,101,126,278
2014,469,104,127,281
2014,480,105,126,295
2014,490,107,129,297
2014,479,106,127,285
2014,487,104,128,282
2014,492,107,134,286
2014,496,107,132,285
2014,503,113,136,294
2014,505,114,138,302
2014,505,111,138,310
2014,490,110,137,279
2014,485,106,138,274
2014,493,106,137,278
2014,487,106,133,266
2014,479,104,134,252
2014,483,101,127,249
2014,490,102,126,256
2014,489,99,128,263
2014,495,101,130,270
2014,507,106,134,272
2014,495,99,129,262
2014,485,96,121,266
2014,486,98,119,267
2014,504,98,121,278
2014,485,91,110,256
2014,474,88,108,252
2014,470,85,105,245
2014,478,85,102,248
2014,463,82,101,239
2014,449,81,98,232
2014,432,76,96,223
2014,432,77,96,223
2014,433,78,95,225
2014,426,79,95,224
2014,417,80,95,220
2014,421,78,97,217
2014,423,81,98,214
2014,425,83,98,214
2014,426,83,99,214
2014,435,84,102,217
2014,435,84,103,218
2014,432,84,104,215
2014,431,84,102,215
2014,423,82,102,211
2014,427,85,105,213
2014,429,86,104,213
2014,436,87,103,215
2014,433,84,100,215
2014,425,83,100,217
2014,425,83,100,217
2014,428,84,103,218
2014,431,85,102,220
2014,424,84,102,216
2014,419,85,100,212
2014,412,87,101,220
2014,405,83,97,221
2014,401,82,96,217
2014,395,82,96,213
2014,407,80,95,214
2014,399,79,95,205
2014,398,80,95,204
2014,407,78,96,211
2014,406,79,97,209
2014,403,81,98,217
2014,398,80,98,215
2014,396,80,97,216
2014,392,80,98,211
2014,393,79,98,215
2014,398,76,98,213
2014,391,77,97,211
2014,370,76,97,206
2014,363,75,95,200
2014,366,77,95,197
2014,361,76,93,194
2014,360,76,94,194
2014,365,77,96,189
2014,364,78,97,188
2014,365,80,97,188
2014,365,76,110,185
2014,362,76,109,184
2014,365,75,110,186
2014,366,77,112,185
2014,365,75,112,185
2014,370,71,110,184
2014,363,71,108,182
2014,368,72,109,189
2014,362,73,110,184
2014,370,73,113,182
2014,366,72,113,180
2014,367,73,111,179
2014,367,70,110,180
2014,369,70,109,179
2014,369,70,105,179
2014,374,71,105,184
2014,371,69,107,181
2014,376,70,107,185
2014,380,71,107,184
2014,379,70,108,185
2014,390,73,110,189
2014,389,74,109,190
2014,392,74,111,193
2014,388,74,109,191
2014,391,75,110,191
2014,398,76,110,192
2014,398,75,111,191
2014,398,76,110,195
2014,396,75,109,194
2014,396,76,111,195
2014,386,78,110,189
2014,383,78,111,187
2014,382,78,108,182
2014,379,77,108,184
2014,384,79,110,187
2014,389,81,110,184
2014,393,84,112,188
2014,400,87,115,192
2015,456,68,122,161
2015,452,68,121,160
2015,457,67,121,160
2015,454,68,120,160
2015,450,66,116,156
2015,451,66,116,157
2015,444,65,114,154
2015,446,65,114,154
2015,446,65,113,149
2015,454,65,113,150
2015,440,62,111,151
2015,439,61,110,145
2015,429,62,111,142
2015,429,62,111,144
2015,427,63,111,147
2015,412,62,108,145
2015,423,64,108,144
2015,428,64,109,149
2015,434,64,109,151
2015,439,66,111,153
2015,440,66,111,157
2015,434,67,111,157
2015,434,67,109,156
2015,440,66,111,157
2015,445,66,111,157
2015,435,67,109,155
2015,429,67,111,154
2015,426,67,112,156
2015,420,67,112,155
2015,410,66,111,154
2015,417,67,110,155
2015,420,67,109,153
2015,420,68,109,153
2015,417,68,110,158
2015,415,68,109,158
2015,432,68,111,166
2015,428,68,113,168
2015,421,69,113,167
2015,428,69,113,168
2015,435,69,113,167
2015,432,69,111,165
2015,426,69,111,165
2015,423,70,107,167
2015,421,70,108,168
2015,422,71,111,165
2015,424,71,111,171
2015,430,70,111,172
2015,429,71,108,169
2015,430,71,107,169
2015,433,69,106,172
2015,410,70,106,176
2015,406,70,104,173
2015,406,70,105,170
2015,402,70,106,169
2015,401,70,106,176
2015,399,70,105,176
2015,400,70,105,172
2015,411,70,106,172
2015,404,69,105,165
2015,399,67,106,160
2015,389,66,103,155
2015,388,65,103,153
2015,378,66,101,151
2015,375,66,101,150
2015,377,65,102,152
2015,382,63,101,158
2015,381,63,101,156
2015,395,65,106,159
2015,403,64,106,159
2015,392,62,107,154
2015,390,62,106,153
2015,388,62,105,153
2015,387,60,100,152
2015,390,61,99,151
2015,393,59,101,154
2015,382,59,95,153
2015,375,56,94,151
2015,376,57,95,150
2015,384,60,98,153
2015,382,58,97,150
2015,378,60,100,156
2015,385,61,101,160
2015,392,61,101,162
2015,391,61,99,154
2015,384,60,100,150
2015,381,59,99,154
2015,373,62,96,152
2015,408,68,103,171
2015,412,68,105,171
2015,429,67,105,174
2015,425,68,106,174
2015,428,69,107,176
2015,435,70,108,180
2015,420,69,107,180
2015,424,68,107,180
2015,434,68,109,180
2015,436,69,109,183
2015,443,69,112,189
2015,440,70,113,181
2015,444,70,114,180
2015,444,70,113,178
2015,451,70,113,182
2015,451,68,113,182
2015,450,70,113,181
2015,448,68,113,180
2015,454,71,114,180
2015,452,71,112,181
2015,461,72,115,189
2015,470,72,115,189
2015,472,73,115,190
2015,453,72,113,188
2015,461,75,113,195
2015,459,76,113,195
2015,460,76,112,194
2015,455,74,111,194
2015,449,73,111,193
2015,453,73,111,194
2015,450,72,108,196
2015,444,72,109,199
2015,448,73,111,202
2015,451,74,112,203
2015,457,74,115,206
2015,453,74,116,206
2015,455,75,115,207
2015,452,75,115,209
2015,450,74,115,206
2015,446,73,116,206
2015,450,74,115,209
2015,452,75,113,209
2015,446,74,114,212
2015,447,74,116,213
2015,446,75,114,212
2015,448,72,113,213
2015,440,73,114,209
2015,419,73,114,204
2015,406,74,115,203
2015,405,72,113,203
2015,400,73,114,200
2015,394,70,114,201
2015,407,74,117,204
2015,397,72,116,201
2015,398,71,115,204
2015,408,71,117,205
2015,410,70,114,201
2015,403,71,115,205
2015,404,75,115,214
2015,406,76,115,216
2015,394,75,114,220
2015,394,74,112,219
2015,398,76,112,221
2015,398,75,110,215
2015,402,75,112,220
2015,406,76,113,215
2015,403,76,112,212
2015,409,77,113,210
2015,403,76,113,212
2015,401,75,113,215
2015,393,73,113,213
2015,395,74,116,211
2015,398,73,115,207
2015,391,72,118,206
2015,403,74,121,213
2015,400,73,118,210
2015,392,72,119,213
2015,396,73,121,219
2015,401,76,125,228
2015,401,77,127,219
2015,388,76,125,203
2015,382,77,126,204
2015,389,78,126,205
2015,394,78,124,206
2015,395,78,125,211
2015,394,79,125,205
2015,396,79,127,208
2015,394,78,126,214
2015,398,79,129,215
2015,417,80,132,220
2015,417,80,130,218
2015,415,81,129,211
2015,415,80,131,208
2015,407,79,130,207
2015,403,78,131,207
2015,389,77,130,209
2015,375,78,130,213
2015,371,77,127,212
2015,376,78,123,204
2015,371,77,122,204
2015,365,74,123,210
2015,365,75,121,203
2015,373,76,120,201
2015,380,77,123,206
2015,381,78,127,209
2015,379,79,125,210
2015,384,79,121,208
2015,385,80,129,208
2015,391,80,127,206
2015,385,81,132,209
2015,379,81,130,208
2015,382,80,133,209
2015,388,81,133,208
2015,385,81,128,206
2015,386,81,125,210
2015,391,82,127,211
2015,398,85,132,213
2015,399,84,131,214
2015,405,87,132,214
2015,389,86,133,213
2015,389,87,130,217
2015,385,87,132,217
2015,379,83,128,213
2015,379,83,122,211
2015,378,84,122,210
2015,383,85,122,217
2015,393,86,121,220
2015,406,88,122,222
2015,405,86,122,222
2015,406,84,120,227
2015,413,84,119,226
2015,409,84,118,231
2015,405,82,117,230
2015,397,81,114,236
2015,403,80,116,238
2015,409,82,117,234
2015,415,83,117,238
2015,418,90,119,246
2015,422,87,120,240
2015,408,91,118,233
2015,412,91,120,234
2015,418,88,118,235
2015,408,88,119,236
2015,400,89,119,234
2015,399,89,118,233
2015,397,83,117,235
2015,408,83,120,231
2015,406,82,119,234
2015,396,83,118,232
2015,391,83,117,231
2015,389,82,116,231
2015,375,79,115,229
2015,379,79,116,227
2015,382,80,117,232
2015,387,80,117,234
2015,379,80,121,228
2015,384,78,119,225
2015,376,80,116,222
2015,394,83,120,235
2015,398,83,120,233
2015,399,82,119,229
2016,487,76,137,191
2016,479,75,136,192
2016,472,74,134,190
2016,479,74,134,190
2016,471,74,133,189
2016,475,74,134,193
2016,474,75,134,195
2016,478,76,136,202
2016,476,77,135,200
2016,478,77,133,201
2016,475,77,133,202
2016,473,78,134,206
2016,476,79,136,204
2016,468,78,137,208
2016,462,77,138,208
2016,463,77,137,205
2016,459,76,136,202
2016,449,74,136,198
2016,452,75,136,199
2016,447,73,135,197
2016,447,73,135,194
2016,449,73,135,195
2016,445,74,136,193
2016,449,72,136,190
2016,444,73,137,189
2016,447,70,135,185
2016,444,69,131,185
2016,454,69,133,187
2016,450,69,128,185
2016,446,69,129,184
2016,444,70,133,183
2016,440,70,127,182
2016,444,71,125,182
2016,443,69,125,184
2016,450,72,126,182
2016,454,74,129,184
2016,452,72,128,180
2016,451,74,128,180
2016,450,75,129,178
2016,452,75,128,180
2016,460,77,128,178
2016,460,77,130,185
2016,473,78,129,193
2016,473,78,126,193
2016,474,78,127,191
2016,472,80,126,194
2016,474,81,127,193
2016,477,82,127,193
2016,478,84,126,195
2016,479,84,125,187
2016,489,82,124,188
2016,489,81,124,186
2016,486,79,123,184
2016,477,78,123,186
2016,485,78,121,185
2016,475,78,121,182
2016,493,81,122,178
2016,499,81,124,178
2016,499,79,124,179
2016,490,78,127,178
2016,493,77,127,182
2016,490,76,126,174
2016,487,75,123,171
2016,482,74,125,167
2016,490,76,127,168
2016,499,75,127,165
2016,498,76,127,166
2016,496,76,131,174
2016,490,76,131,173
2016,482,76,128,170
2016,483,76,128,172
2016,487,77,129,169
2016,484,75,128,167
2016,479,75,128,166
2016,470,75,130,165
2016,471,74,127,167
2016,470,77,132,170
2016,465,78,133,164
2016,458,77,134,163
2016,459,79,136,159
2016,456,79,133,159
2016,463,78,132,158
2016,477,79,133,158
2016,480,77,135,161
2016,476,76,133,158
2016,462,76,132,159
2016,455,76,132,159
2016,459,76,134,161
2016,454,75,133,159
2016,455,77,136,160
2016,456,78,139,161
2016,458,77,139,161
2016,456,78,135,159
2016,461,77,134,157
2016,466,75,134,156
2016,456,75,133,154
2016,451,74,132,153
2016,463,75,133,153
2016,463,73,133,151
2016,457,71,135,151
2016,447,71,133,147
2016,447,71,131,146
2016,455,72,133,147
2016,454,72,133,146
2016,456,72,132,147
2016,462,71,132,148
2016,456,71,133,149
2016,460,71,132,150
2016,460,72,131,151
2016,456,72,131,148
2016,453,71,129,148
2016,460,72,131,149
2016,458,70,130,147
2016,452,70,130,146
2016,455,72,130,154
2016,452,72,132,154
2016,454,72,131,156
2016,451,73,132,152
2016,446,74,131,150
2016,440,73,128,149
2016,444,74,127,151
2016,447,74,127,154
2016,444,75,130,155
2016,438,74,131,150
2016,436,73,130,144
2016,435,73,127,143
2016,431,72,123,141
2016,430,72,124,140
2016,428,73,124,140
2016,441,73,124,146
2016,441,74,127,146
2016,444,73,127,145
2016,445,75,129,143
2016,438,74,127,141
2016,439,76,127,141
2016,443,77,128,142
2016,439,76,124,142
2016,441,76,124,142
2016,439,76,126,145
2016,437,76,126,147
2016,429,75,123,144
2016,429,74,124,142
2016,429,74,123,141
2016,432,74,123,141
2016,430,72,121,142
2016,429,73,121,140
2016,431,74,119,141
2016,436,75,120,142
2016,438,73,117,142
2016,426,74,118,144
2016,428,73,118,140
2016,423,72,115,138
2016,418,71,113,139
2016,420,69,114,142
2016,428,68,113,140
2016,436,70,113,143
2016,436,70,114,140
2016,439,70,117,135
2016,440,70,118,136
2016,446,71,118,138
2016,439,71,118,137
2016,442,72,117,139
2016,442,73,119,141
2016,436,72,117,139
2016,439,70,116,140
2016,440,70,116,140
2016,439,71,114,144
2016,444,70,115,145
2016,442,71,116,145
2016,448,69,114,145
2016,458,71,117,148
2016,457,72,117,143
2016,457,70,117,142
2016,467,70,120,144
2016,468,70,118,142
2016,466,71,118,140
2016,479,70,116,138
2016,479,70,114,142
2016,471,68,113,141
2016,468,68,112,138
2016,466,66,110,137
2016,466,64,105,139
2016,465,67,105,137
2016,462,67,106,137
2016,465,68,109,138
2016,465,65,108,139
2016,470,65,107,143
2016,471,63,108,145
2016,466,61,106,142
2016,459,61,108,143
2016,463,63,106,143
2016,471,62,107,144
2016,466,59,106,144
2016,462,59,106,143
2016,457,58,106,142
2016,459,59,106,138
2016,459,59,106,138
2016,459,59,106,139
2016,456,59,105,137
2016,455,59,106,137
2016,468,59,105,137
2016,462,59,106,135
2016,453,59,105,134
2016,455,60,105,131
2016,450,59,106,130
2016,441,58,102,128
2016,435,57,100,129
2016,427,58,101,144
2016,425,57,99,144
2016,428,58,99,140
2016,427,58,103,143
2016,433,59,106,143
2016,425,59,108,141
2016,423,59,106,139
2016,428,59,107,134
2016,418,59,106,133
2016,426,60,104,134
2016,408,57,103,129
2016,416,56,101,135
2016,433,59,104,142
2016,431,60,105,145
2016,432,59,103,143
2016,437,60,104,147
2016,438,59,105,147
2016,441,57,107,142
2016,450,59,112,144
2016,463,61,117,150
2016,466,60,119,151
2016,457,60,120,147
2016,449,61,120,146
2016,451,61,115,146
2016,452,62,115,144
2016,443,61,111,138
2016,452,62,110,142
2016,469,64,113,145
2016,457,62,112,143
2016,483,62,114,146
2016,477,65,119,149
2016,484,66,120,149
2016,470,67,121,148
2016,473,67,118,150
2016,461,69,116,153
2016,456,66,115,151
2016,464,69,118,158
2016,452,69,119,161
2016,448,68,119,159
2016,457,69,120,162
2017,828,94,148,195
2017,831,92,147,193
2017,831,92,148,193
2017,836,93,149,194
2017,828,93,150,193
2017,821,91,150,188
2017,826,91,149,188
2017,833,91,150,185
2017,828,91,148,183
2017,827,91,148,183
2017,829,91,148,184
2017,823,90,147,184
2017,823,91,147,183
2017,824,94,149,179
2017,828,92,150,180
2017,838,91,150,177
2017,833,87,146,176
2017,822,89,148,178
2017,811,90,150,182
2017,818,90,151,180
2017,829,95,151,181
2017,851,95,152,182
2017,848,96,152,181
2017,856,95,155,184
2017,855,94,150,181
2017,852,93,150,182
2017,837,93,152,181
2017,839,93,152,181
2017,828,92,150,180
2017,820,89,148,178
2017,813,85,147,179
2017,795,82,145,178
2017,797,82,148,182
2017,787,82,147,184
2017,795,83,147,191
2017,810,84,148,190
2017,798,83,147,193
2017,815,83,149,194
2017,839,85,149,199
2017,850,85,152,192
2017,851,85,150,188
2017,857,85,151,191
2017,846,85,151,191
2017,848,86,152,187
2017,836,85,152,184
2017,852,82,154,177
2017,845,82,153,177
2017,840,82,151,176
2017,845,82,147,172
2017,818,82,146,172
2017,822,82,148,174
2017,786,82,147,171
2017,789,82,146,172
2017,788,82,147,170
2017,785,82,147,170
2017,756,81,146,169
2017,758,82,146,170
2017,747,81,146,171
2017,753,81,147,174
2017,741,79,143,171
2017,736,78,140,172
2017,718,77,140,171
2017,702,78,140,171
2017,707,77,138,172
2017,719,78,138,170
2017,738,80,139,171
2017,739,82,139,165
2017,735,80,138,164
2017,757,83,140,166
2017,762,84,140,168
2017,754,85,141,166
2017,760,84,140,165
2017,757,84,139,167
2017,759,85,141,159
2017,764,85,141,161
2017,741,81,142,162
2017,736,81,142,163
2017,735,77,140,162
2017,736,77,142,162
2017,740,78,142,162
2017,734,78,141,163
2017,725,78,140,162
2017,724,80,140,160
2017,717,79,141,157
2017,703,78,140,158
2017,689,77,140,157
2017,704,79,144,161
2017,705,79,141,159
2017,711,79,142,160
2017,702,80,140,159
2017,703,80,143,157
2017,708,80,145,161
2017,705,82,147,161
2017,704,82,142,161
2017,707,80,143,162
2017,695,77,141,160
2017,712,77,144,164
2017,719,78,145,166
2017,721,78,143,164
2017,727,80,145,166
2017,729,80,148,166
2017,742,83,144,166
2017,733,83,143,165
2017,721,83,138,167
2017,726,82,137,169
2017,717,82,137,165
2017,717,82,138,163
2017,730,83,139,164
2017,720,83,137,163
2017,726,83,137,163
2017,713,83,137,164
2017,688,83,138,166
2017,689,83,140,163
2017,683,82,140,162
2017,698,83,140,160
2017,690,83,139,158
2017,684,83,137,159
2017,679,83,137,163
2017,672,83,136,160
2017,671,83,133,162
2017,671,82,133,160
2017,649,82,132,162
2017,649,82,133,163
2017,639,81,132,160
2017,621,80,131,159
2017,621,81,132,157
2017,626,82,132,158
2017,629,82,133,158
2017,646,81,132,160
2017,646,82,132,158
2017,644,83,132,160
2017,639,82,133,165
2017,635,82,132,169
2017,634,78,134,166
2017,625,78,134,167
2017,622,77,133,167
2017,610,78,133,170
2017,591,78,133,169
2017,593,79,132,169
2017,601,78,132,169
2017,599,79,132,171
2017,602,80,132,172
2017,590,80,132,171
2017,598,81,136,176
2017,596,81,136,174
2017,597,81,134,174
2017,603,81,134,177
2017,611,82,134,179
2017,610,81,130,176
2017,601,81,130,176
2017,586,80,130,174
2017,584,80,130,174
2017,587,81,131,175
2017,595,82,132,177
2017,593,84,133,180
2017,597,84,132,181
2017,608,85,132,185
2017,610,84,133,185
2017,604,84,133,187
2017,607,82,132,185
2017,611,83,134,184
2017,611,82,135,188
2017,598,83,134,186
2017,594,83,134,186
2017,597,83,133,184
2017,611,83,136,189
2017,616,82,135,191
2017,616,84,135,192
2017,627,84,137,187
2017,634,85,137,179
2017,637,85,138,180
2017,644,85,138,182
2017,637,86,139,181
2017,631,84,139,180
2017,616,84,136,179
2017,616,86,137,180
2017,616,84,135,181
2017,626,84,133,183
2017,614,85,137,185
2017,609,86,137,187
2017,617,85,139,188
2017,621,87,139,186
2017,633,88,140,186
2017,647,87,140,188
2017,636,88,139,186
2017,618,89,137,186
2017,594,90,138,185
2017,571,90,136,184
2017,565,90,137,187
2017,560,89,137,187
2017,563,87,136,189
2017,579,87,137,192
2017,573,87,137,194
2017,566,87,134,193
2017,568,88,135,194
2017,576,87,135,191
2017,585,86,133,190
2017,584,86,134,192
2017,587,85,132,191
2017,580,84,133,192
2017,576,82,131,192
2017,579,82,132,190
2017,581,82,131,193
2017,587,83,131,196
2017,587,82,132,194
2017,566,82,130,193
2017,556,81,130,193
2017,555,82,133,194
2017,557,83,136,194
2017,557,83,138,195
2017,532,83,138,196
2017,543,84,139,196
2017,489,84,144,196
2017,484,85,143,195
2017,484,84,141,194
2017,480,83,142,194
2017,473,82,141,195
2017,472,84,142,196
2017,463,83,144,192
2017,463,82,142,194
2017,464,82,140,193
2017,461,82,143,194
2017,464,81,144,193
2017,468,82,145,199
2017,465,81,143,201
2017,469,80,144,201
2017,472,81,142,200
2017,470,80,144,203
2017,470,81,146,202
2017,461,81,148,205
2017,457,80,143,205
2017,462,80,144,202
2017,457,78,141,200
2017,461,78,142,197
2017,465,79,145,201
2017,464,79,144,198
2017,468,78,146,195
2017,484,78,142,198
2017,490,79,143,201
2017,487,79,145,200
2017,488,77,137,198
2017,490,77,135,198
2017,485,76,136,198
2017,483,77,137,203
2017,484,77,138,200
2017,480,76,137,195
2017,490,76,138,193
2017,488,75,137,192
2018,1008,77,124,150
2018,1012,77,125,151
2018,1007,77,124,150
2018,988,76,121,147
2018,980,77,122,148
2018,989,76,125,149
2018,1015,80,124,149
2018,1022,80,125,148
2018,1022,79,123,148
2018,1016,78,122,148
2018,1000,79,120,147
2018,996,79,118,143
2018,999,79,117,142
2018,987,79,114,138
2018,981,78,114,137
2018,1020,79,115,139
2018,1011,79,117,140
2018,1039,80,118,144
2018,1036,82,119,146
2018,1040,83,121,143
2018,1050,76,117,140
2018,1051,75,119,141
2018,1037,74,120,143
2018,1015,76,121,146
2018,998,76,121,147
2018,992,75,122,152
2018,1001,78,123,152
2018,1023,78,124,153
2018,1034,77,127,155
2018,1014,77,128,156
2018,986,77,128,159
2018,987,78,131,161
2018,989,76,131,157
2018,971,75,127,156
2018,983,76,129,156
2018,999,76,129,157
2018,993,76,128,156
2018,981,75,128,155
2018,967,76,132,157
2018,950,76,131,154
2018,954,77,133,153
2018,951,78,133,153
2018,978,78,132,155
2018,940,69,133,152
2018,927,69,135,155
2018,940,69,136,158
2018,949,69,138,155
2018,956,70,137,156
2018,990,70,135,160
2018,1035,73,136,162
2018,1047,74,137,166
2018,1025,71,137,160
2018,1013,69,137,157
2018,978,62,136,153
2018,991,65,137,149
2018,980,61,135,147
2018,998,62,136,150
2018,943,63,136,147
2018,1009,67,139,172
2018,1084,68,139,181
2018,1108,68,141,179
2018,1131,66,139,177
2018,1128,69,140,176
2018,1125,70,140,181
2018,1107,70,142,182
2018,1108,69,140,181
2018,1095,73,140,180
2018,1089,76,141,177
2018,1095,75,141,174
2018,1103,78,144,172
2018,1127,76,146,173
2018,1126,74,142,169
2018,1113,74,141,168
2018,1129,74,141,169
2018,1150,75,141,172
2018,1134,75,141,175
2018,1103,75,140,174
2018,1117,73,140,174
2018,1105,78,141,177
2018,1117,77,143,180
2018,1146,76,141,177
2018,1164,77,138,177
2018,1186,75,140,175
2018,1161,76,138,176
2018,1149,72,137,175
2018,1142,72,137,172
2018,1122,72,134,170
2018,1111,70,132,169
2018,1083,69,132,163
2018,1080,67,132,164
2018,1089,69,131,166
2018,1068,69,132,166
2018,1083,69,133,169
2018,1095,70,134,169
2018,1095,69,132,173
2018,1065,70,132,168
2018,1073,72,131,169
2018,1058,72,130,167
2018,1051,72,130,166
2018,1072,73,129,167
2018,1067,75,129,166
2018,1035,74,130,164
2018,1016,72,129,161
2018,999,71,128,163
2018,1003,68,126,159
2018,999,68,131,157
2018,1008,68,132,157
2018,1015,68,130,158
2018,994,68,129,162
2018,983,70,129,160
2018,982,71,129,156
2018,968,69,130,154
2018,989,70,127,154
2018,973,70,128,159
2018,934,72,127,158
2018,922,73,128,158
2018,897,73,126,157
2018,879,72,125,155
2018,867,71,127,156
2018,890,72,127,156
2018,874,72,129,158
2018,864,72,128,156
2018,875,73,133,158
2018,850,72,130,154
2018,869,72,128,156
2018,880,75,130,158
2018,903,76,129,157
2018,911,76,131,160
2018,928,75,129,160
2018,917,74,131,163
2018,896,73,130,165
2018,913,75,131,165
2018,912,76,130,165
2018,906,77,132,169
2018,902,77,134,170
2018,897,78,134,171
2018,884,78,135,173
2018,885,78,135,174
2018,874,78,135,173
2018,858,78,135,170
2018,852,79,134,171
2018,846,77,135,171
2018,837,80,137,173
2018,829,81,140,178
2018,824,82,138,174
2018,825,84,138,176
2018,828,82,140,176
2018,828,81,138,175
2018,824,76,138,168
2018,820,77,139,175
2018,833,78,138,185
2018,838,79,137,186
2018,840,81,139,185
2018,850,82,139,189
2018,860,81,142,186
2018,880,81,142,189
2018,887,82,143,187
2018,890,82,140,188
2018,882,82,140,188
2018,878,83,142,183
2018,870,84,143,183
2018,873,85,142,184
2018,858,85,142,180
2018,865,86,145,181
2018,875,87,142,180
2018,866,88,143,181
2018,896,88,142,181
2018,877,86,143,181
2018,873,86,143,179
2018,872,85,144,183
2018,842,85,145,181
2018,834,86,145,182
2018,847,87,148,184
2018,844,88,149,182
2018,849,87,147,181
2018,843,88,145,182
2018,844,88,142,183
2018,835,88,141,182
2018,837,87,140,182
2018,825,87,140,180
2018,824,85,141,178
2018,819,85,141,177
2018,817,84,141,177
2018,805,83,139,175
2018,809,84,141,178
2018,803,82,142,180
2018,794,79,141,178
2018,809,80,143,180
2018,810,80,142,179
2018,804,80,142,177
2018,817,80,142,179
2018,807,80,142,176
2018,800,80,139,174
2018,805,80,139,177
2018,809,80,137,177
2018,820,80,142,180
2018,836,80,141,181
2018,838,81,141,184
2018,837,81,143,184
2018,821,80,137,180
2018,820,80,138,180
2018,800,79,136,182
2018,819,82,136,185
2018,831,82,136,186
2018,853,84,136,190
2018,858,85,136,188
2018,855,86,138,189
2018,844,86,136,190
2018,840,86,136,190
2018,831,85,134,186
2018,836,86,135,190
2018,828,86,137,187
2018,834,86,136,185
2018,829,87,136,187
2018,841,86,136,188
2018,840,87,136,186
2018,823,87,137,191
2018,807,85,136,187
2018,813,85,136,189
2018,804,85,138,190
2018,802,83,138,185
2018,811,85,139,189
2018,813,85,138,193
2018,849,90,141,195
2018,865,89,142,203
2018,855,91,142,205
2018,867,90,143,205
2018,869,90,143,209
2018,869,92,145,211
2018,884,93,144,207
2018,874,92,144,201
2018,838,92,144,194
2018,827,91,143,194
2018,831,93,145,196
2018,830,94,144,197
2018,854,98,144,197
2018,853,99,144,201
2018,843,100,145,198
2018,847,98,145,198
2018,846,99,147,197
2018,835,100,148,197
2018,830,100,148,198
2018,828,100,148,200
2018,823,101,148,193
2018,819,100,149,197
2018,818,97,147,192
2019,1362,57,119,129
2019,1389,56,117,128
2019,1387,56,117,128
2019,1363,55,116,128
2019,1391,56,115,126
2019,1413,56,115,125
2019,1438,55,115,125
2019,1448,56,114,126
2019,1417,56,114,125
2019,1405,56,116,125
2019,1409,55,115,126
2019,1424,54,116,127
2019,1410,53,114,126
2019,1405,53,113,128
2019,1405,51,110,125
2019,1414,52,113,126
2019,1398,54,113,127
2019,1395,56,114,129
2019,1396,56,115,130
2019,1420,55,115,128
2019,1427,56,115,128
2019,1395,57,116,132
2019,1421,56,116,133
2019,1412,57,116,133
2019,1403,57,117,130
2019,1404,56,118,131
2019,1391,55,118,134
2019,1383,55,115,131
2019,1392,55,117,134
2019,1358,56,117,133
2019,1312,56,117,134
2019,1323,55,117,136
2019,1316,55,119,136
2019,1324,55,118,138
2019,1284,58,118,139
2019,1300,60,117,138
2019,1312,59,120,142
2019,1290,59,121,145
2019,1302,59,121,146
2019,1311,60,121,147
2019,1310,60,122,144
2019,1317,59,122,142
2019,1330,59,121,141
2019,1319,58,120,142
2019,1290,58,119,140
2019,1287,58,119,140
2019,1292,59,120,141
2019,1252,61,121,142
2019,1272,59,121,144
2019,1274,60,121,144
2019,1256,60,119,141
2019,1234,58,117,142
2019,1227,60,119,139
2019,1221,60,118,135
2019,1216,61,117,129
2019,1226,62,117,126
2019,1191,61,117,126
2019,1178,58,116,127
2019,1176,58,117,130
2019,1179,59,117,128
2019,1174,59,117,128
2019,1198,63,118,132
2019,1177,62,117,132
2019,1166,64,117,137
2019,1151,64,117,131
2019,1150,66,115,134
2019,1114,67,116,136
2019,1128,67,120,134
2019,1060,65,122,124
2019,1084,64,123,127
2019,1077,64,121,130
2019,1089,64,123,131
2019,1102,64,124,129
2019,1089,64,122,126
2019,1110,61,125,126
2019,1099,60,126,129
2019,1099,58,127,128
2019,1078,55,123,125
2019,1080,54,119,119
2019,1085,54,118,117
2019,1123,57,122,121
2019,1117,56,123,123
2019,1136,55,120,121
2019,1147,55,123,126
2019,1139,56,120,124
2019,1147,55,119,122
2019,1121,53,115,117
2019,1143,51,118,121
2019,1148,56,118,125
2019,1162,57,119,126
2019,1149,56,118,128
2019,1159,56,118,127
2019,1146,56,117,128
2019,1045,58,124,131
2019,1036,58,125,131
2019,998,59,123,131
2019,1015,59,123,131
2019,1028,58,121,131
2019,1065,59,123,134
2019,1061,60,127,137
2019,1049,61,127,139
2019,1062,59,127,139
2019,1089,61,127,140
2019,1092,62,129,142
2019,1108,62,130,144
2019,1132,64,132,144
2019,1145,66,133,145
2019,1152,67,131,147
2019,1123,67,130,144
2019,1135,66,127,143
2019,1153,69,129,150
2019,1163,68,131,152
2019,1148,69,128,151
2019,1152,68,128,150
2019,1153,67,129,153
2019,1150,66,129,152
2019,1151,69,130,153
2019,1126,69,130,152
2019,1136,71,137,162
2019,1155,72,143,167
2019,1153,74,143,166
2019,1150,73,143,166
2019,1141,71,143,161
2019,1127,69,141,168
2019,1146,69,140,171
2019,1164,69,140,168
2019,1165,66,138,166
2019,1135,65,136,165
2019,1151,65,135,171
2019,1166,65,135,172
2019,1149,64,135,167
2019,1152,64,132,166
2019,1153,65,132,164
2019,1185,65,133,169
2019,1194,66,135,169
2019,1198,66,134,171
2019,1195,66,135,169
2019,1186,67,135,165
2019,1183,66,135,168
2019,1194,65,137,169
2019,1216,67,135,171
2019,1223,68,133,172
2019,1196,69,133,172
2019,1196,71,135,169
2019,1181,69,131,172
2019,1190,71,133,175
2019,1179,71,133,174
2019,1202,68,129,174
2019,1200,65,130,174
2019,1205,65,130,177
2019,1205,64,129,175
2019,1192,66,129,176
2019,1140,61,126,167
2019,1138,61,126,166
2019,1130,61,124,163
2019,1134,63,126,164
2019,1108,63,124,164
2019,1125,64,127,166
2019,1130,64,128,169
2019,1169,65,131,169
2019,1208,64,134,172
2019,1245,66,135,170
2019,1267,67,135,170
2019,1264,67,133,169
2019,1253,68,134,169
2019,1253,68,134,168
2019,1234,68,133,169
2019,1250,68,134,169
2019,1227,68,134,164
2019,1210,69,136,158
2019,1246,71,135,161
2019,1208,71,138,160
2019,1205,71,137,156
2019,1208,73,136,158
2019,1211,73,136,159
2019,1197,71,135,158
2019,1200,73,136,158
2019,1195,72,136,158
2019,1218,72,135,157
2019,1217,71,136,155
2019,1237,71,135,155
2019,1250,74,135,158
2019,1252,74,135,157
2019,1226,74,135,160
2019,1223,72,136,156
2019,1213,71,137,160
2019,1230,71,141,160
2019,1191,72,135,159
2019,1207,73,135,152
2019,1237,72,129,152
2019,1238,73,135,157
2019,1214,73,132,155
2019,1189,74,132,156
2019,1207,73,128,151
2019,1212,74,124,150
2019,1197,73,126,152
2019,1173,72,126,153
2019,1140,70,127,150
2019,1142,71,122,152
2019,1137,71,124,155
2019,1113,69,123,155
2019,1103,67,119,149
2019,1107,65,118,149
2019,1100,66,116,148
2019,1097,66,117,148
2019,1108,67,117,148
2019,1108,67,116,149
2019,1121,67,114,147
2019,1110,67,114,144
2019,1094,66,111,139
2019,1097,65,115,137
2019,1119,69,114,135
2019,1101,68,109,132
2019,1121,65,109,133
2019,1130,66,111,137
2019,1127,66,109,138
2019,1149,69,110,144
2019,1161,70,113,148
2019,1178,70,114,147
2019,1162,70,115,143
2019,1161,71,114,146
2019,1124,72,117,142
2019,1104,71,116,141
2019,1075,68,116,140
2019,1089,71,115,141
2019,1106,71,116,142
2019,1121,74,115,142
2019,1122,75,117,142
2019,1103,75,117,143
2019,1111,76,119,144
2019,1113,76,120,145
2019,1065,76,120,147
2019,1020,76,121,145
2019,1022,77,122,146
2019,1016,75,122,145
2019,986,74,121,143
2019,988,75,123,145
2019,996,75,123,143
2019,999,74,122,145
2019,993,75,122,147
2019,994,75,124,148
2019,988,75,121,146
2019,983,74,120,142
2019,995,75,123,147
2019,1008,77,124,149
2020,1802,76,99,93
2020,1812,76,99,93
2020,1807,77,99,93
2020,1819,77,100,94
2020,1810,75,100,93
2020,1765,74,99,91
2020,1758,72,99,91
2020,1761,69,98,90
2020,1808,76,104,99
2020,1803,75,104,102
2020,1794,76,105,103
2020,1792,75,106,100
2020,1808,73,105,102
2020,1821,73,102,97
2020,1822,73,97,92
2020,1840,73,98,91
2020,1810,72,98,91
2020,1778,72,100,92
2020,1767,72,99,90
2020,1783,69,99,89
2020,1778,68,95,85
2020,1775,69,94,82
2020,1752,65,95,79
2020,1773,62,94,80
2020,1768,62,94,81
2020,1783,60,94,76
2020,1771,59,94,77
2020,1724,58,92,72
2020,1791,59,90,72
2020,1804,61,88,72
2020,1810,58,89,71
2020,1818,56,91,73
2020,1812,55,91,72
2020,1798,56,91,72
2020,1813,57,93,72
2020,1892,57,92,71
2020,1862,55,89,68
2020,1842,55,87,68
2020,1775,55,87,68
2020,1737,53,85,66
2020,1680,54,86,66
2020,1704,53,89,66
2020,1865,52,88,65
2020,1840,52,87,64
2020,1826,53,88,66
2020,1847,54,89,67
2020,1842,54,86,68
2020,1918,55,86,69
2020,1913,55,85,69
2020,1929,54,82,68
2020,1957,55,81,67
2020,1976,55,82,69
2020,1975,54,80,67
2020,2003,53,79,66
2020,2077,53,79,67
2020,2071,54,83,69
2020,2031,53,83,69
2020,2028,54,83,70
2020,2033,55,83,68
2020,2049,56,83,71
2020,2007,55,84,69
2020,2008,54,84,69
2020,2020,54,85,69
2020,2028,53,85,69
2020,2038,54,85,69
2020,2012,54,88,72
2020,1999,53,85,69
2020,1980,50,83,67
2020,2025,53,85,68
2020,2007,51,88,70
2020,2048,53,88,71
2020,2093,56,91,74
2020,2087,57,89,73
2020,2110,57,90,73
2020,2105,58,91,74
2020,2090,57,91,74
2020,2106,57,90,73
2020,2101,55,91,74
2020,1962,56,90,73
2020,1913,55,91,74
2020,1891,57,92,76
2020,1886,59,95,78
2020,1917,61,98,79
2020,1932,61,99,80
2020,1895,60,100,79
2020,1889,59,96,82
2020,1921,61,102,80
2020,1916,62,103,80
2020,1940,63,103,81
2020,1890,60,104,81
2020,1903,61,105,81
2020,1890,62,106,81
2020,1904,61,101,82
2020,1935,57,95,80
2020,1923,56,95,81
2020,1899,56,95,79
2020,1919,55,88,77
2020,1927,56,87,79
2020,1932,53,89,78
2020,1937,52,88,78
2020,1925,51,88,79
2020,1949,50,86,79
2020,1937,49,86,78
2020,1931,49,86,77
2020,1952,50,86,76
2020,1824,49,86,76
2020,1877,49,87,78
2020,1915,48,87,78
2020,1903,50,88,80
2020,1977,49,89,80
2020,1958,50,88,81
2020,1948,49,89,81
2020,1868,50,91,83
2020,1819,50,90,83
2020,1790,49,88,82
2020,1743,49,87,80
2020,1736,49,88,80
2020,1674,47,87,76
2020,1674,47,88,76
2020,1740,48,88,77
2020,1757,50,90,79
2020,1705,50,90,79
2020,1656,53,91,80
2020,1632,52,91,81
2020,1655,51,93,82
2020,1681,50,95,84
2020,1623,50,95,82
2020,1598,50,93,82
2020,1578,46,94,80
2020,1547,45,96,81
2020,1564,45,95,82
2020,1581,46,97,84
2020,1560,44,96,82
2020,1569,43,97,83
2020,1562,44,101,86
2020,1585,44,95,85
2020,1597,43,93,86
2020,1503,43,93,84
2020,1467,41,92,84
2020,1469,41,93,84
2020,1466,42,93,84
2020,1442,42,97,84
2020,1396,41,98,87
2020,1427,43,98,88
2020,1396,43,98,90
2020,1425,43,99,91
2020,1436,44,98,87
2020,1434,43,95,85
2020,1400,42,95,86
2020,1394,43,97,84
2020,1380,39,98,84
2020,1329,37,98,83
2020,1337,37,96,79
2020,1312,36,95,78
2020,1293,36,93,77
2020,1300,34,91,76
2020,1308,33,90,77
2020,1302,33,93,78
2020,1279,32,91,77
2020,1308,31,89,73
2020,1325,31,91,76
2020,1304,31,89,76
2020,1359,30,93,78
2020,1330,28,92,76
2020,1418,27,87,77
2020,1405,29,87,76
2020,1355,29,90,76
2020,1314,29,95,79
2020,1314,31,93,78
2020,1291,30,91,77
2020,1318,32,95,80
2020,1283,31,90,71
2020,1284,31,90,69
2020,1286,31,92,68
2020,1274,31,93,68
2020,1233,33,95,67
2020,1226,32,98,65
2020,1113,32,97,69
2020,1119,34,99,74
2020,1101,34,96,76
2020,1050,35,95,75
2020,1034,35,90,74
2020,1069,36,89,75
2020,1097,37,87,77
2020,1072,36,85,74
2020,1085,34,82,73
2020,969,30,80,70
2020,972,32,81,66
2020,1002,33,84,68
2020,927,32,82,63
2020,958,34,83,64
2020,959,35,80,65
2020,973,35,80,62
2020,848,34,78,63
2020,795,33,76,60
2020,915,37,81,72
2020,825,34,78,61
2020,871,35,81,68
2020,907,39,88,60
2020,913,40,91,60
2020,994,42,98,66
2020,956,40,94,63
2020,1037,38,103,72
2020,1002,40,103,75
2020,1143,43,105,89
2020,1179,44,108,93
2020,1205,45,108,93
2020,1208,44,109,93
2020,1184,44,104,89
2020,1195,47,107,92
2020,1247,49,109,93
2020,1252,49,109,96
2020,1274,52,110,98
2020,1299,52,110,98
2020,1336,52,111,103
2020,1352,51,112,102
2020,1320,52,110,99
2020,1329,52,110,100
2020,1338,54,113,103
2020,1326,55,115,105
2020,1322,56,117,107
2020,1307,58,117,107
2020,1291,57,114,106
2020,1289,58,116,109
2020,1311,58,112,107
2020,1303,57,111,107
2020,1283,56,112,106
2020,1246,55,110,103
2020,1244,55,109,104
2020,1270,58,113,109
2020,1298,60,114,116
2020,1331,61,113,118
2020,1324,61,112,117
2020,1355,61,113,117
2020,1368,61,115,118
2020,1373,60,114,118
2020,1379,59,112,116
2020,1379,60,117,123
2020,1378,60,118,123
2020,1422,62,121,125
2020,1383,61,121,125
2020,1370,61,124,125
2020,1375,60,124,125
2020,1388,59,122,125
2020,1392,59,120,124
2020,1392,58,119,124
2020,1361,56,120,123
2020,1371,57,121,126
2020,1350,57,119,126
2020,1382,58,119,128
2020,1381,58,121,128
2020,1358,58,122,127
2021,2150,221,124,142
2021,2142,218,127,141
2021,2181,219,123,139
2021,2177,222,124,140
2021,2152,217,122,137
2021,2154,217,121,139
2021,2147,218,125,141
2021,2148,218,123,137
2021,2098,212,122,136
2021,2068,209,122,134
2021,2125,216,126,139
2021,2182,222,127,145
2021,2155,228,127,144
2021,2161,229,126,147
2021,2188,230,126,146
2021,2232,228,126,148
2021,2230,228,126,147
2021,2195,229,127,148
2021,2162,226,125,146
2021,2145,221,124,143
2021,2186,226,127,146
2021,2254,226,129,144
2021,2240,225,128,142
2021,2184,217,127,142
2021,2217,219,127,144
2021,2190,227,129,147
2021,2263,243,135,155
2021,2135,239,135,153
2021,2166,237,134,147
2021,2146,228,130,147
2021,2245,237,135,154
2021,2237,250,136,157
2021,2286,245,134,157
2021,2340,242,137,158
2021,2354,240,136,155
2021,2319,240,137,154
2021,2315,237,137,158
2021,2289,242,139,157
2021,2271,235,140,155
2021,2269,231,137,152
2021,2255,229,137,152
2021,2270,229,137,153
2021,2304,223,134,153
2021,2303,214,133,149
2021,2359,218,137,150
2021,2385,224,141,158
2021,2416,225,143,163
2021,2362,214,144,161
2021,2385,222,145,157
2021,2381,226,148,155
2021,2452,230,146,155
2021,2480,230,150,159
2021,2458,257,150,162
2021,2452,223,149,159
2021,2447,224,146,160
2021,2422,196,145,164
2021,2408,192,145,165
2021,2425,177,141,161
2021,2335,178,143,160
2021,2324,176,143,168
2021,2369,179,145,164
2021,2321,169,146,148
2021,2291,164,140,146
2021,2287,159,142,145
2021,2295,152,141,145
2021,2313,140,132,142
2021,2292,139,127,140
2021,2254,139,124,136
2021,2260,144,126,138
2021,2207,138,124,134
2021,2183,136,124,135
2021,2174,134,123,129
2021,2170,138,124,128
2021,2204,140,124,129
2021,2159,140,124,128
2021,2150,133,116,124
2021,2153,131,115,123
2021,2202,133,115,122
2021,2207,133,114,119
2021,2216,130,116,120
2021,2202,132,116,122
2021,2168,134,117,123
2021,2083,134,117,119
2021,2058,133,115,120
2021,2050,129,116,121
2021,2061,129,115,120
2021,2022,127,113,117
2021,2025,126,113,116
2021,2000,126,114,116
2021,1982,126,114,113
2021,1963,125,113,112
2021,1950,126,114,110
2021,1972,130,117,113
2021,1965,131,117,114
2021,1973,132,119,116
2021,1948,133,118,116
2021,1916,134,119,116
2021,1922,130,117,117
2021,1896,130,114,115
2021,1886,132,117,115
2021,1897,135,118,117
2021,1938,135,117,117
2021,1910,132,118,117
2021,1895,133,118,118
2021,1882,133,118,117
2021,1848,125,118,115
2021,1864,123,117,115
2021,1850,120,117,114
2021,1866,121,119,115
2021,1885,123,119,115
2021,1912,123,119,115
2021,1925,124,119,116
2021,1901,122,118,113
2021,1906,126,121,115
2021,1918,124,119,117
2021,1890,124,120,117
2021,1894,125,121,121
2021,1906,124,120,120
2021,1892,124,118,119
2021,1880,124,118,118
2021,1900,123,117,117
2021,1916,124,117,120
2021,1929,123,118,122
2021,1952,126,119,121
2021,1933,121,118,118
2021,1905,121,117,119
2021,1916,122,116,118
2021,1895,123,118,119
2021,1894,123,116,122
2021,1911,121,116,121
2021,1955,119,118,122
2021,2002,121,117,123
2021,2021,121,118,122
2021,2031,123,118,121
2021,2021,121,114,120
2021,2012,124,117,125
2021,2008,126,120,127
2021,2043,122,118,125
2021,2038,123,118,125
2021,2009,126,119,124
2021,1982,128,119,124
2021,1975,125,118,124
2021,2011,117,116,125
2021,2022,113,116,125
2021,1989,108,112,125
2021,2006,109,112,123
2021,1998,108,111,118
2021,1969,105,110,118
2021,1961,106,111,114
2021,1902,105,109,112
2021,1794,106,110,112
2021,1789,106,111,113
2021,1782,107,113,115
2021,1803,107,113,113
2021,1818,105,113,113
2021,1802,103,112,112
2021,1813,104,112,115
2021,1805,105,112,116
2021,1780,103,112,114
2021,1759,102,111,113
2021,1737,107,113,115
2021,1755,109,113,118
2021,1749,110,108,114
2021,1754,103,105,111
2021,1753,103,103,110
2021,1743,102,104,111
2021,1740,101,104,110
2021,1779,100,104,108
2021,1811,99,102,108
2021,1838,98,103,104
2021,1813,98,104,104
2021,1805,98,102,103
2021,1759,96,102,103
2021,1729,96,103,102
2021,1731,94,99,103
2021,1726,94,99,103
2021,1726,94,99,103
2021,1754,97,102,107
2021,1765,94,101,105
2021,1754,96,101,102
2021,1735,92,99,98
2021,1799,104,103,104
2021,1821,105,105,104
2021,1818,104,105,105
2021,1801,105,106,104
2021,1809,103,106,103
2021,1836,105,108,104
2021,1819,103,107,102
2021,1842,104,108,104
2021,1811,103,104,102
2021,1808,99,103,102
2021,1859,101,106,105
2021,1895,105,109,107
2021,1872,105,110,110
2021,1890,104,109,111
2021,1824,101,104,110
2021,1866,103,107,109
2021,1907,110,110,115
2021,1915,112,111,114
2021,1941,113,109,115
2021,1981,107,110,114
2021,1989,107,110,117
2021,1989,109,111,118
2021,1978,107,109,115
2021,1975,109,111,113
2021,1999,105,113,114
2021,1912,100,113,114
2021,1908,98,108,117
2021,1894,95,107,111
2021,1947,96,108,119
2021,1871,94,103,114
2021,1837,92,103,112
2021,1823,90,102,106
2021,1889,91,104,105
2021,1877,93,103,111
2021,1891,91,99,102
2021,1870,90,98,104
2021,1845,87,95,98
2021,1853,87,96,97
2021,1866,88,97,99
2021,1792,88,100,100
2021,1776,87,100,101
2021,1772,90,100,100
2021,1747,87,100,98
2021,1747,90,99,98
2021,1753,84,97,93
2021,1748,84,94,93
2021,1721,80,92,91
2021,1672,75,89,88
2021,1704,77,92,91
2021,1720,76,91,90
2021,1762,79,93,91
2021,1861,79,94,93
2021,1906,83,96,95
2021,1865,85,98,99
2021,1831,85,100,98
2021,1801,82,98,97
2021,1759,86,100,101
2021,1780,86,102,105
2021,1760,86,103,105
2021,1777,86,100,103
2021,1722,83,99,103
2021,1756,83,100,101
2021,1735,82,97,98
2021,1738,82,98,97
2021,1785,81,98,95
2021,1807,79,99,97
2021,1804,77,99,93
2022,2313,208,166,147
2022,2309,206,167,145
2022,2310,208,166,144
2022,2310,208,165,145
2022,2291,203,166,141
2022,2272,197,163,140
2022,2340,209,166,142
2022,2346,214,168,144
2022,2380,218,170,146
2022,2360,217,172,146
2022,2329,217,170,147
2022,2341,222,172,147
2022,2375,223,172,148
2022,2383,219,169,144
2022,2372,218,169,142
2022,2369,219,170,141
2022,2405,225,170,143
2022,2406,226,172,141
2022,2442,229,175,142
2022,2435,224,175,144
2022,2471,225,172,141
2022,2472,225,172,140
2022,2480,225,172,141
2022,2462,223,170,140
2022,2458,225,170,140
2022,2376,224,170,141
2022,2341,221,170,139
2022,2321,221,168,137
2022,2329,221,167,135
2022,2316,221,164,135
2022,2358,220,166,142
2022,2360,221,168,143
2022,2353,225,170,143
2022,2367,230,172,142
2022,2378,228,171,139
2022,2389,230,171,140
2022,2335,229,172,140
2022,2364,231,173,139
2022,2366,229,176,139
2022,2354,228,177,138
2022,2320,227,178,136
2022,2311,229,181,136
2022,2297,231,182,135
2022,2315,226,173,134
2022,2293,225,174,134
2022,2225,226,171,132
2022,2217,221,169,131
2022,2251,219,167,133
2022,2244,219,165,132
2022,2270,221,167,130
2022,2264,218,164,128
2022,2225,221,167,129
2022,2187,218,168,128
2022,2152,216,165,128
2022,2163,216,165,130
2022,2156,218,165,131
2022,2141,217,161,131
2022,2184,220,164,133
2022,2208,223,164,134
2022,2199,222,163,133
2022,2191,219,163,134
2022,2151,213,160,132
2022,2159,217,160,127
2022,2111,212,160,127
2022,2118,214,158,123
2022,2175,218,159,124
2022,2158,215,159,123
2022,2215,225,164,129
2022,2257,232,169,129
2022,2279,231,169,131
2022,2272,235,172,133
2022,2272,232,171,131
2022,2269,236,173,131
2022,2327,245,175,133
2022,2350,242,172,133
2022,2378,241,167,134
2022,2359,243,166,134
2022,2333,242,167,134
2022,2347,245,167,132
2022,2344,247,167,133
2022,2358,247,168,132
2022,2333,236,165,133
2022,2297,235,162,133
2022,2324,237,161,135
2022,2395,237,164,139
2022,2358,233,161,136
2022,2377,235,163,137
2022,2390,229,159,137
2022,2397,230,161,136
2022,2403,231,159,134
2022,2366,224,157,132
2022,2373,233,158,135
2022,2416,238,161,136
2022,2420,237,161,140
2022,2407,236,159,140
2022,2390,232,159,139
2022,2352,229,154,133
2022,2345,229,156,134
2022,2331,228,159,137
2022,2301,232,156,137
2022,2335,228,155,136
2022,2366,233,160,136
2022,2347,233,160,137
2022,2338,230,157,138
2022,2278,222,153,134
2022,2231,218,150,130
2022,2196,218,150,129
2022,2198,226,150,128
2022,2197,233,150,130
2022,2272,231,149,132
2022,2257,230,151,133
2022,2272,228,151,133
2022,2213,228,151,128
2022,2199,228,150,130
2022,2181,225,150,127
2022,2176,221,148,127
2022,2158,221,149,124
2022,2197,222,147,124
2022,2201,221,145,126
2022,2171,220,144,122
2022,2168,215,140,124
2022,2190,214,139,121
2022,2209,213,141,127
2022,2191,211,141,126
2022,2187,207,141,131
2022,2356,202,143,152
2022,2342,207,142,154
2022,2295,209,139,149
2022,2263,208,139,142
2022,2270,208,137,137
2022,2238,203,137,135
2022,2275,201,138,135
2022,2346,205,140,139
2022,2309,195,137,134
2022,2351,210,140,141
2022,2324,210,143,144
2022,2357,219,148,151
2022,2386,220,151,156
2022,2418,220,149,160
2022,2464,230,155,165
2022,2541,233,155,166
2022,2473,233,157,163
2022,2517,235,157,162
2022,2513,232,155,154
2022,2523,231,155,152
2022,2473,234,159,152
2022,2391,233,157,150
2022,2390,235,156,151
2022,2419,233,151,144
2022,2338,225,150,144
2022,2349,221,154,152
2022,2371,221,153,153
2022,2375,227,147,151
2022,2367,230,150,155
2022,2383,233,150,162
2022,2251,228,148,160
2022,2304,238,149,163
2022,2296,241,151,163
2022,2204,227,148,154
2022,2203,223,144,154
2022,2178,219,149,157
2022,2224,227,153,159
2022,2247,222,155,154
2022,2286,230,159,165
2022,2379,245,159,167
2022,2398,248,158,165
2022,2445,245,159,162
2022,2524,249,158,156
2022,2533,242,156,160
2022,2560,248,160,165
2022,2522,247,156,165
2022,2520,249,157,167
2022,2447,247,156,170
2022,2505,253,160,174
2022,2526,259,163,174
2022,2468,250,161,176
2022,2397,246,161,177
2022,2309,258,163,176
2022,2317,273,154,174
2022,2325,275,153,169
2022,2370,283,153,171
2022,2375,278,152,171
2022,2336,278,154,169
2022,2378,290,153,173
2022,2384,274,149,172
2022,2418,252,144,168
2022,2411,245,143,168
2022,2392,239,135,164
2022,2427,242,135,162
2022,2381,239,134,171
2022,2380,240,135,176
2022,2357,241,135,176
2022,2341,240,135,177
2022,2305,234,133,176
2022,2298,231,133,175
2022,2240,228,133,173
2022,2253,232,133,170
2022,2182,230,133,167
2022,2146,227,131,164
2022,2196,232,132,172
2022,2178,233,132,176
2022,2172,232,133,174
2022,2137,229,132,175
2022,2030,227,134,179
2022,2033,216,130,187
2022,2111,221,130,165
2022,2159,227,132,170
2022,2178,225,131,163
2022,2142,223,134,161
2022,2074,220,130,160
2022,2048,204,124,157
2022,2155,221,130,161
2022,2169,223,132,165
2022,2179,225,132,163
2022,2201,226,132,168
2022,2218,228,133,172
2022,2191,231,133,169
2022,2195,230,135,164
2022,2123,221,133,166
2022,2157,232,137,168
2022,2162,241,136,169
2022,2164,238,135,164
2022,2139,235,135,167
2022,2104,252,135,172
2022,2116,254,134,170
2022,2136,253,137,168
2022,2164,251,141,171
2022,2160,250,141,171
2022,2167,246,142,173
2022,2121,244,140,169
2022,2123,241,135,166
2022,2155,239,135,165
2022,2159,230,133,166
2022,2250,242,134,164
2022,2249,249,135,167
2022,2289,249,135,170
2022,2289,239,135,164
2022,2317,248,137,166
2022,2305,244,135,161
2022,2302,245,135,164
2022,2289,238,134,165
2022,2229,233,132,161
2022,2213,232,132,158
2022,2212,230,131,157
2022,2194,228,131,151
2022,2242,224,132,150
2022,2232,226,133,148
2022,2182,223,126,143
2023,2585,332,311,205
2023,2606,330,314,208
2023,2587,325,306,206
2023,2578,325,310,207
2023,2565,327,303,204
2023,2563,329,302,203
2023,2527,320,298,203
2023,2558,336,310,200
2023,2521,337,303,199
2023,2496,333,305,201
2023,2464,335,295,196
2023,2434,338,294,193
2023,2424,331,283,195
2023,2459,334,287,198
2023,2456,324,285,196
2023,2457,326,284,199
2023,2461,294,281,202
2023,2438,282,285,202
2023,2420,282,275,202
2023,2394,276,269,195
2023,2377,268,261,195
2023,2401,273,258,192
2023,2394,271,258,194
2023,2394,258,254,189
2023,2396,261,253,191
2023,2388,262,254,191
2023,2379,263,250,191
2023,2349,261,251,198
2023,2356,263,252,196
2023,2361,262,252,202
2023,2356,259,247,200
2023,2315,257,246,196
2023,2331,253,245,197
2023,2315,251,243,196
2023,2311,248,238,193
2023,2336,255,237,195
2023,2324,250,239,193
2023,2339,250,236,193
2023,2320,245,234,190
2023,2320,245,235,186
2023,2297,237,233,187
2023,2288,239,236,186
2023,2313,239,235,189
2023,2266,238,237,185
2023,2227,234,232,181
2023,2258,237,232,184
2023,2263,238,237,185
2023,2299,247,241,186
2023,2306,252,240,186
2023,2324,253,242,187
2023,2355,257,246,186
2023,2344,255,243,187
2023,2349,254,242,185
2023,2349,255,242,184
2023,2345,254,239,183
2023,2308,254,236,184
2023,2298,250,235,182
2023,2318,259,236,181
2023,2314,258,234,182
2023,2314,257,235,183
2023,2318,264,241,185
2023,2345,262,246,192
2023,2334,258,237,187
2023,2369,260,239,187
2023,2343,260,240,188
2023,2340,257,240,186
2023,2355,257,238,185
2023,2365,257,239,187
2023,2382,262,242,188
2023,2436,266,241,187
2023,2458,264,236,187
2023,2453,265,238,188
2023,2451,265,237,184
2023,2439,263,235,181
2023,2475,272,243,183
2023,2448,269,240,184
2023,2432,264,234,182
2023,2429,258,232,183
2023,2424,258,235,183
2023,2411,259,236,183
2023,2413,255,231,182
2023,2407,245,220,174
2023,2418,247,220,176
2023,2420,247,221,176
2023,2444,245,219,175
2023,2468,246,218,175
2023,2480,250,221,173
2023,2522,246,222,176
2023,2519,244,222,176
2023,2520,239,219,176
2023,2557,230,215,175
2023,2538,233,216,178
2023,2575,235,217,179
2023,2577,231,213,178
2023,2547,236,213,177
2023,2536,237,217,179
2023,2525,235,219,177
2023,2509,234,218,173
2023,2524,233,218,173
2023,2510,236,218,173
2023,2476,235,220,172
2023,2486,236,219,176
2023,2513,244,225,177
2023,2549,237,218,177
2023,2528,235,210,172
2023,2503,221,202,171
2023,2526,222,202,173
2023,2486,219,201,173
2023,2487,217,196,171
2023,2539,217,195,171
2023,2620,218,193,167
2023,2580,220,193,167
2023,2561,222,187,167
2023,2539,224,187,166
2023,2488,221,187,169
2023,2490,222,188,168
2023,2513,226,191,168
2023,2510,226,192,165
2023,2483,225,192,163
2023,2391,228,193,164
2023,2396,230,197,165
2023,2346,222,193,163
2023,2350,221,194,161
2023,2375,222,191,163
2023,2315,222,189,160
2023,2296,218,189,159
2023,2266,219,186,158
2023,2266,219,185,157
2023,2283,218,187,157
2023,2302,221,185,159
2023,2328,224,188,160
2023,2321,225,188,157
2023,2317,223,186,158
2023,2340,222,188,157
2023,2317,221,187,158
2023,2317,224,187,158
2023,2289,222,185,156
2023,2255,221,186,155
2023,2253,221,183,154
2023,2269,221,182,156
2023,2268,218,177,154
2023,2251,217,175,154
2023,2249,219,174,155
2023,2229,216,175,155
2023,2236,215,174,154
2023,2242,214,174,155
2023,2288,217,177,159
2023,2288,217,176,159
2023,2276,212,175,164
2023,2215,211,175,166
2023,2215,207,175,166
2023,2228,207,174,165
2023,2229,206,174,166
2023,2217,206,173,165
2023,2210,205,175,166
2023,2215,208,176,167
2023,2228,211,177,168
2023,2260,208,176,166
2023,2255,207,175,166
2023,2252,206,180,167
2023,2267,204,177,167
2023,2251,203,176,165
2023,2244,203,177,165
2023,2217,200,174,160
2023,2222,204,176,161
2023,2197,204,176,161
2023,2216,202,176,164
2023,2197,201,172,159
2023,2158,199,171,160
2023,2144,198,170,161
2023,2157,198,171,161
2023,2141,196,171,160
2023,2133,196,170,160
2023,2130,196,170,159
2023,2135,193,167,160
2023,2125,197,170,160
2023,2149,197,170,160
2023,2138,196,173,159
2023,2130,197,176,158
2023,2121,198,178,159
2023,2111,196,178,157
2023,2126,195,175,151
2023,2112,195,176,153
2023,2117,194,178,154
2023,2116,190,175,151
2023,2029,186,174,149
2023,2041,184,172,147
2023,2031,187,171,150
2023,2000,193,173,149
2023,2041,200,175,153
2023,2067,201,174,152
2023,2061,202,177,152
2023,1998,203,176,152
2023,2018,205,177,153
2023,2021,203,180,152
2023,2031,203,178,153
2023,2066,203,178,153
2023,2074,203,180,156
2023,2109,209,181,156
2023,2142,210,179,156
2023,2195,211,179,158
2023,2187,210,177,158
2023,2166,208,173,154
2023,2112,206,171,154
2023,2128,205,172,155
2023,2109,203,171,152
2023,2150,200,172,155
2023,2164,202,171,155
2023,2149,201,170,155
2023,2160,202,171,154
2023,2210,208,173,154
2023,2192,204,168,155
2023,2215,205,168,157
2023,2206,205,167,156
2023,2208,205,166,148
2023,2159,203,166,148
2023,2109,204,168,148
2023,2121,205,165,147
2023,2139,206,166,146
2023,2135,207,166,144
2023,2093,206,165,145
2023,2098,209,166,144
2023,2114,205,166,144
2023,2113,206,167,143
2023,2124,206,170,144
2023,2137,213,171,145
2023,2142,204,169,145
2023,2122,202,166,148
2023,2163,201,166,152
2023,2193,206,166,152
2023,2206,207,167,152
2023,2218,207,169,152
2023,2244,205,169,152
2023,2247,208,169,149
2023,2250,208,168,148
2023,2219,207,166,148
2023,2240,206,168,147
2023,2244,206,166,146
2023,2293,206,166,147
2023,2323,206,168,149
2023,2358,206,170,148
2023,2303,205,169,147
2023,2282,208,170,147
2023,2286,208,167,146
2023,2321,211,168,150
2023,2339,212,168,150
2024,2741,358,313,223
2024,2720,357,313,212
2024,2650,346,313,212
2024,2581,340,320,217
2024,2587,339,316,218
2024,2608,341,315,216
2024,2597,338,317,215
2024,2583,327,306,208
2024,2612,330,306,207
2024,2590,330,310,205
